"organized_path","source_path","bytes","role","status","warning","storage"
"raw\kma\aws\hourly\2022\OBS_AWS_TIM_2022_SEOUL.csv","C:\2026_Mareungil\datasets\OBS_AWS_TIM_20260811005255.csv","6855225","rainfall_reference","reference_only","Overlaps station 400 and 401 minute data after aggregation","NTFS hardlink"
"raw\kma\aws\minute\2022\station_400_gangnam\SURFACE_AWS_400_MI_2022-01_2022-12_2023.csv","C:\2026_Mareungil\datasets\20260811005751\SURFACE_AWS_400_MI_2022-01_2022-12_2023\SURFACE_AWS_400_MI_2022-01_2022-12_2023.csv","25900954","rainfall_validation","usable_with_missing_flags","Minute timestamps and rainfall values contain gaps","NTFS hardlink"
"raw\kma\aws\minute\2022\station_401_seocho\SURFACE_AWS_401_MI_2022-01_2022-12_2023.csv","C:\2026_Mareungil\datasets\20260811005751\SURFACE_AWS_401_MI_2022-01_2022-12_2023\SURFACE_AWS_401_MI_2022-01_2022-12_2023.csv","25682466","rainfall_validation","usable_with_missing_flags","Minute timestamps and rainfall values contain gaps","NTFS hardlink"
"raw\seoul\rainfall\2022\monthly\서울시_강우량_정보_2022년01월.csv","C:\2026_Mareungil\datasets\서울시_강우량_정보_2022년\서울시_강우량_정보_2022년01월.csv","3850343","model_input","core_ready_with_gaps","January and February source gaps; retain missingness flags","NTFS hardlink"
"raw\seoul\rainfall\2022\monthly\서울시_강우량_정보_2022년02월.csv","C:\2026_Mareungil\datasets\서울시_강우량_정보_2022년\서울시_강우량_정보_2022년02월.csv","7062496","model_input","core_ready_with_gaps","January and February source gaps; retain missingness flags","NTFS hardlink"
"raw\seoul\rainfall\2022\monthly\서울시_강우량_정보_2022년03월.csv","C:\2026_Mareungil\datasets\서울시_강우량_정보_2022년\서울시_강우량_정보_2022년03월.csv","8679781","model_input","core_ready_with_gaps","January and February source gaps; retain missingness flags","NTFS hardlink"
"raw\seoul\rainfall\2022\monthly\서울시_강우량_정보_2022년04월.csv","C:\2026_Mareungil\datasets\서울시_강우량_정보_2022년\서울시_강우량_정보_2022년04월.csv","8578481","model_input","core_ready_with_gaps","January and February source gaps; retain missingness flags","NTFS hardlink"
"raw\seoul\rainfall\2022\monthly\서울시_강우량_정보_2022년05월.csv","C:\2026_Mareungil\datasets\서울시_강우량_정보_2022년\서울시_강우량_정보_2022년05월.csv","8695462","model_input","core_ready_with_gaps","January and February source gaps; retain missingness flags","NTFS hardlink"
"raw\seoul\rainfall\2022\monthly\서울시_강우량_정보_2022년06월.csv","C:\2026_Mareungil\datasets\서울시_강우량_정보_2022년\서울시_강우량_정보_2022년06월.csv","8820776","model_input","core_ready_with_gaps","January and February source gaps; retain missingness flags","NTFS hardlink"
"raw\seoul\rainfall\2022\monthly\서울시_강우량_정보_2022년07월.csv","C:\2026_Mareungil\datasets\서울시_강우량_정보_2022년\서울시_강우량_정보_2022년07월.csv","8956712","model_input","core_ready_with_gaps","January and February source gaps; retain missingness flags","NTFS hardlink"
"raw\seoul\rainfall\2022\monthly\서울시_강우량_정보_2022년08월.csv","C:\2026_Mareungil\datasets\서울시_강우량_정보_2022년\서울시_강우량_정보_2022년08월.csv","9144038","model_input","core_ready_with_gaps","January and February source gaps; retain missingness flags","NTFS hardlink"
"raw\seoul\rainfall\2022\monthly\서울시_강우량_정보_2022년09월.csv","C:\2026_Mareungil\datasets\서울시_강우량_정보_2022년\서울시_강우량_정보_2022년09월.csv","8852133","model_input","core_ready_with_gaps","January and February source gaps; retain missingness flags","NTFS hardlink"
"raw\seoul\rainfall\2022\monthly\서울시_강우량_정보_2022년10월.csv","C:\2026_Mareungil\datasets\서울시_강우량_정보_2022년\서울시_강우량_정보_2022년10월.csv","9096147","model_input","core_ready_with_gaps","January and February source gaps; retain missingness flags","NTFS hardlink"
"raw\seoul\rainfall\2022\monthly\서울시_강우량_정보_2022년11월.csv","C:\2026_Mareungil\datasets\서울시_강우량_정보_2022년\서울시_강우량_정보_2022년11월.csv","8669125","model_input","core_ready_with_gaps","January and February source gaps; retain missingness flags","NTFS hardlink"
"raw\seoul\rainfall\2022\monthly\서울시_강우량_정보_2022년12월.csv","C:\2026_Mareungil\datasets\서울시_강우량_정보_2022년\서울시_강우량_정보_2022년12월.csv","8574035","model_input","core_ready_with_gaps","January and February source gaps; retain missingness flags","NTFS hardlink"
"raw\seoul\rainfall\stations\bessel\서울시 강우량계 위치정보(베셀 좌표계).csv","C:\2026_Mareungil\datasets\서울시 강우량계 위치정보(베셀(bessel) 좌표계).csv","4162","spatial_metadata_reference","reference_only","Prefer EPSG:5181 shapefile for processing","NTFS hardlink"
"raw\seoul\rainfall\stations\epsg5181\seoul_rain.dbf","C:\2026_Mareungil\datasets\서울시 강우량계 위치정보(EPSG5181)\seoul_rain.dbf","22399","spatial_metadata","core_ready","PRJ file absent; assign EPSG:5181 from source metadata","NTFS hardlink"
"raw\seoul\rainfall\stations\epsg5181\seoul_rain.shp","C:\2026_Mareungil\datasets\서울시 강우량계 위치정보(EPSG5181)\seoul_rain.shp","1416","spatial_metadata","core_ready","PRJ file absent; assign EPSG:5181 from source metadata","NTFS hardlink"
"raw\seoul\rainfall\stations\epsg5181\seoul_rain.shx","C:\2026_Mareungil\datasets\서울시 강우량계 위치정보(EPSG5181)\seoul_rain.shx","476","spatial_metadata","core_ready","PRJ file absent; assign EPSG:5181 from source metadata","NTFS hardlink"
"raw\seoul\sewer_level\2022\monthly\하수관로_수위_현황_202201.csv","C:\2026_Mareungil\datasets\하수관로_수위_현황_2022\하수관로_수위_현황_202201.csv","654591245","model_target_and_input","core_ready_metadata_pending","Sensor location, unit, datum and pipe geometry absent","NTFS hardlink"
"raw\seoul\sewer_level\2022\monthly\하수관로_수위_현황_202202.csv","C:\2026_Mareungil\datasets\하수관로_수위_현황_2022\하수관로_수위_현황_202202.csv","579805232","model_target_and_input","core_ready_metadata_pending","Sensor location, unit, datum and pipe geometry absent","NTFS hardlink"
"raw\seoul\sewer_level\2022\monthly\하수관로_수위_현황_202203.csv","C:\2026_Mareungil\datasets\하수관로_수위_현황_2022\하수관로_수위_현황_202203.csv","650843744","model_target_and_input","core_ready_metadata_pending","Sensor location, unit, datum and pipe geometry absent","NTFS hardlink"
"raw\seoul\sewer_level\2022\monthly\하수관로_수위_현황_202204.csv","C:\2026_Mareungil\datasets\하수관로_수위_현황_2022\하수관로_수위_현황_202204.csv","647124216","model_target_and_input","core_ready_metadata_pending","Sensor location, unit, datum and pipe geometry absent","NTFS hardlink"
"raw\seoul\sewer_level\2022\monthly\하수관로_수위_현황_202205.csv","C:\2026_Mareungil\datasets\하수관로_수위_현황_2022\하수관로_수위_현황_202205.csv","673324688","model_target_and_input","core_ready_metadata_pending","Sensor location, unit, datum and pipe geometry absent","NTFS hardlink"
"raw\seoul\sewer_level\2022\monthly\하수관로_수위_현황_202206.csv","C:\2026_Mareungil\datasets\하수관로_수위_현황_2022\하수관로_수위_현황_202206.csv","658834918","model_target_and_input","core_ready_metadata_pending","Sensor location, unit, datum and pipe geometry absent","NTFS hardlink"
"raw\seoul\sewer_level\2022\monthly\하수관로_수위_현황_202207.csv","C:\2026_Mareungil\datasets\하수관로_수위_현황_2022\하수관로_수위_현황_202207.csv","669096298","model_target_and_input","core_ready_metadata_pending","Sensor location, unit, datum and pipe geometry absent","NTFS hardlink"
"raw\seoul\sewer_level\2022\monthly\하수관로_수위_현황_202208.csv","C:\2026_Mareungil\datasets\하수관로_수위_현황_2022\하수관로_수위_현황_202208.csv","662500284","model_target_and_input","core_ready_metadata_pending","Sensor location, unit, datum and pipe geometry absent","NTFS hardlink"
"raw\seoul\sewer_level\2022\monthly\하수관로_수위_현황_202209.csv","C:\2026_Mareungil\datasets\하수관로_수위_현황_2022\하수관로_수위_현황_202209.csv","648017495","model_target_and_input","core_ready_metadata_pending","Sensor location, unit, datum and pipe geometry absent","NTFS hardlink"
"raw\seoul\sewer_level\2022\monthly\하수관로_수위_현황_202210.csv","C:\2026_Mareungil\datasets\하수관로_수위_현황_2022\하수관로_수위_현황_202210.csv","658376476","model_target_and_input","core_ready_metadata_pending","Sensor location, unit, datum and pipe geometry absent","NTFS hardlink"
"raw\seoul\sewer_level\2022\monthly\하수관로_수위_현황_202211.csv","C:\2026_Mareungil\datasets\하수관로_수위_현황_2022\하수관로_수위_현황_202211.csv","650504455","model_target_and_input","core_ready_metadata_pending","Sensor location, unit, datum and pipe geometry absent","NTFS hardlink"
"raw\seoul\sewer_level\2022\monthly\하수관로_수위_현황_202212.csv","C:\2026_Mareungil\datasets\하수관로_수위_현황_2022\하수관로_수위_현황_202212.csv","658823635","model_target_and_input","core_ready_metadata_pending","Sensor location, unit, datum and pipe geometry absent","NTFS hardlink"
"reference\needs_mapping\sewer_level_hourly_gangnam_2023_2025\2023-01-01하수수위60분현황.xlsx","C:\2026_Mareungil\data\서울특별시 강남구_하수관로 수위현황_20250908\2023-01-01하수수위60분현황.xlsx","19859","multiyear_candidate","mapping_and_unit_required","Address columns require mapping to UNQ_NO; negative values and one 19.63 spike","NTFS hardlink"
"reference\needs_mapping\sewer_level_hourly_gangnam_2023_2025\2023-01-02하수수위60분현황.xlsx","C:\2026_Mareungil\data\서울특별시 강남구_하수관로 수위현황_20250908\2023-01-02하수수위60분현황.xlsx","19845","multiyear_candidate","mapping_and_unit_required","Address columns require mapping to UNQ_NO; negative values and one 19.63 spike","NTFS hardlink"
"reference\needs_mapping\sewer_level_hourly_gangnam_2023_2025\2023-01-03하수수위60분현황.xlsx","C:\2026_Mareungil\data\서울특별시 강남구_하수관로 수위현황_20250908\2023-01-03하수수위60분현황.xlsx","19933","multiyear_candidate","mapping_and_unit_required","Address columns require mapping to UNQ_NO; negative values and one 19.63 spike","NTFS hardlink"
"reference\needs_mapping\sewer_level_hourly_gangnam_2023_2025\2023-01-04하수수위60분현황.xlsx","C:\2026_Mareungil\data\서울특별시 강남구_하수관로 수위현황_20250908\2023-01-04하수수위60분현황.xlsx","19909","multiyear_candidate","mapping_and_unit_required","Address columns require mapping to UNQ_NO; negative values and one 19.63 spike","NTFS hardlink"
"reference\needs_mapping\sewer_level_hourly_gangnam_2023_2025\2023-01-05하수수위60분현황.xlsx","C:\2026_Mareungil\data\서울특별시 강남구_하수관로 수위현황_20250908\2023-01-05하수수위60분현황.xlsx","19872","multiyear_candidate","mapping_and_unit_required","Address columns require mapping to UNQ_NO; negative values and one 19.63 spike","NTFS hardlink"
"reference\needs_mapping\sewer_level_hourly_gangnam_2023_2025\2023-01-06하수수위60분현황.xlsx","C:\2026_Mareungil\data\서울특별시 강남구_하수관로 수위현황_20250908\2023-01-06하수수위60분현황.xlsx","19946","multiyear_candidate","mapping_and_unit_required","Address columns require mapping to UNQ_NO; negative values and one 19.63 spike","NTFS hardlink"
"reference\needs_mapping\sewer_level_hourly_gangnam_2023_2025\2023-01-07하수수위60분현황.xlsx","C:\2026_Mareungil\data\서울특별시 강남구_하수관로 수위현황_20250908\2023-01-07하수수위60분현황.xlsx","19841","multiyear_candidate","mapping_and_unit_required","Address columns require mapping to UNQ_NO; negative values and one 19.63 spike","NTFS hardlink"
"reference\needs_mapping\sewer_level_hourly_gangnam_2023_2025\2023-01-08하수수위60분현황.xlsx","C:\2026_Mareungil\data\서울특별시 강남구_하수관로 수위현황_20250908\2023-01-08하수수위60분현황.xlsx","19847","multiyear_candidate","mapping_and_unit_required","Address columns require mapping to UNQ_NO; negative values and one 19.63 spike","NTFS hardlink"
"reference\needs_mapping\sewer_level_hourly_gangnam_2023_2025\2023-01-09하수수위60분현황.xlsx","C:\2026_Mareungil\data\서울특별시 강남구_하수관로 수위현황_20250908\2023-01-09하수수위60분현황.xlsx","19927","multiyear_candidate","mapping_and_unit_required","Address columns require mapping to UNQ_NO; negative values and one 19.63 spike","NTFS hardlink"
"reference\needs_mapping\sewer_level_hourly_gangnam_2023_2025\2023-01-10하수수위60분현황.xlsx","C:\2026_Mareungil\data\서울특별시 강남구_하수관로 수위현황_20250908\2023-01-10하수수위60분현황.xlsx","19934","multiyear_candidate","mapping_and_unit_required","Address columns require mapping to UNQ_NO; negative values and one 19.63 spike","NTFS hardlink"
"reference\needs_mapping\sewer_level_hourly_gangnam_2023_2025\2023-01-11하수수위60분현황.xlsx","C:\2026_Mareungil\data\서울특별시 강남구_하수관로 수위현황_20250908\2023-01-11하수수위60분현황.xlsx","19909","multiyear_candidate","mapping_and_unit_required","Address columns require mapping to UNQ_NO; negative values and one 19.63 spike","NTFS hardlink"
"reference\needs_mapping\sewer_level_hourly_gangnam_2023_2025\2023-01-12하수수위60분현황.xlsx","C:\2026_Mareungil\data\서울특별시 강남구_하수관로 수위현황_20250908\2023-01-12하수수위60분현황.xlsx","19862","multiyear_candidate","mapping_and_unit_required","Address columns require mapping to UNQ_NO; negative values and one 19.63 spike","NTFS hardlink"
"reference\needs_mapping\sewer_level_hourly_gangnam_2023_2025\2023-01-13하수수위60분현황.xlsx","C:\2026_Mareungil\data\서울특별시 강남구_하수관로 수위현황_20250908\2023-01-13하수수위60분현황.xlsx","20282","multiyear_candidate","mapping_and_unit_required","Address columns require mapping to UNQ_NO; negative values and one 19.63 spike","NTFS hardlink"
"reference\needs_mapping\sewer_level_hourly_gangnam_2023_2025\2023-01-14하수수위60분현황.xlsx","C:\2026_Mareungil\data\서울특별시 강남구_하수관로 수위현황_20250908\2023-01-14하수수위60분현황.xlsx","19874","multiyear_candidate","mapping_and_unit_required","Address columns require mapping to UNQ_NO; negative values and one 19.63 spike","NTFS hardlink"
"reference\needs_mapping\sewer_level_hourly_gangnam_2023_2025\2023-01-15하수수위60분현황.xlsx","C:\2026_Mareungil\data\서울특별시 강남구_하수관로 수위현황_20250908\2023-01-15하수수위60분현황.xlsx","19860","multiyear_candidate","mapping_and_unit_required","Address columns require mapping to UNQ_NO; negative values and one 19.63 spike","NTFS hardlink"
"reference\needs_mapping\sewer_level_hourly_gangnam_2023_2025\2023-01-16하수수위60분현황.xlsx","C:\2026_Mareungil\data\서울특별시 강남구_하수관로 수위현황_20250908\2023-01-16하수수위60분현황.xlsx","19833","multiyear_candidate","mapping_and_unit_required","Address columns require mapping to UNQ_NO; negative values and one 19.63 spike","NTFS hardlink"
"reference\needs_mapping\sewer_level_hourly_gangnam_2023_2025\2023-01-17하수수위60분현황.xlsx","C:\2026_Mareungil\data\서울특별시 강남구_하수관로 수위현황_20250908\2023-01-17하수수위60분현황.xlsx","19907","multiyear_candidate","mapping_and_unit_required","Address columns require mapping to UNQ_NO; negative values and one 19.63 spike","NTFS hardlink"
"reference\needs_mapping\sewer_level_hourly_gangnam_2023_2025\2023-01-18하수수위60분현황.xlsx","C:\2026_Mareungil\data\서울특별시 강남구_하수관로 수위현황_20250908\2023-01-18하수수위60분현황.xlsx","19877","multiyear_candidate","mapping_and_unit_required","Address columns require mapping to UNQ_NO; negative values and one 19.63 spike","NTFS hardlink"
"reference\needs_mapping\sewer_level_hourly_gangnam_2023_2025\2023-01-19하수수위60분현황.xlsx","C:\2026_Mareungil\data\서울특별시 강남구_하수관로 수위현황_20250908\2023-01-19하수수위60분현황.xlsx","19881","multiyear_candidate","mapping_and_unit_required","Address columns require mapping to UNQ_NO; negative values and one 19.63 spike","NTFS hardlink"
"reference\needs_mapping\sewer_level_hourly_gangnam_2023_2025\2023-01-20하수수위60분현황.xlsx","C:\2026_Mareungil\data\서울특별시 강남구_하수관로 수위현황_20250908\2023-01-20하수수위60분현황.xlsx","19916","multiyear_candidate","mapping_and_unit_required","Address columns require mapping to UNQ_NO; negative values and one 19.63 spike","NTFS hardlink"
"reference\needs_mapping\sewer_level_hourly_gangnam_2023_2025\2023-01-21하수수위60분현황.xlsx","C:\2026_Mareungil\data\서울특별시 강남구_하수관로 수위현황_20250908\2023-01-21하수수위60분현황.xlsx","19804","multiyear_candidate","mapping_and_unit_required","Address columns require mapping to UNQ_NO; negative values and one 19.63 spike","NTFS hardlink"
"reference\needs_mapping\sewer_level_hourly_gangnam_2023_2025\2023-01-22하수수위60분현황.xlsx","C:\2026_Mareungil\data\서울특별시 강남구_하수관로 수위현황_20250908\2023-01-22하수수위60분현황.xlsx","19830","multiyear_candidate","mapping_and_unit_required","Address columns require mapping to UNQ_NO; negative values and one 19.63 spike","NTFS hardlink"
"reference\needs_mapping\sewer_level_hourly_gangnam_2023_2025\2023-01-23하수수위60분현황.xlsx","C:\2026_Mareungil\data\서울특별시 강남구_하수관로 수위현황_20250908\2023-01-23하수수위60분현황.xlsx","19768","multiyear_candidate","mapping_and_unit_required","Address columns require mapping to UNQ_NO; negative values and one 19.63 spike","NTFS hardlink"
"reference\needs_mapping\sewer_level_hourly_gangnam_2023_2025\2023-01-24하수수위60분현황.xlsx","C:\2026_Mareungil\data\서울특별시 강남구_하수관로 수위현황_20250908\2023-01-24하수수위60분현황.xlsx","19911","multiyear_candidate","mapping_and_unit_required","Address columns require mapping to UNQ_NO; negative values and one 19.63 spike","NTFS hardlink"
"reference\needs_mapping\sewer_level_hourly_gangnam_2023_2025\2023-01-25하수수위60분현황.xlsx","C:\2026_Mareungil\data\서울특별시 강남구_하수관로 수위현황_20250908\2023-01-25하수수위60분현황.xlsx","19951","multiyear_candidate","mapping_and_unit_required","Address columns require mapping to UNQ_NO; negative values and one 19.63 spike","NTFS hardlink"
"reference\needs_mapping\sewer_level_hourly_gangnam_2023_2025\2023-01-26하수수위60분현황.xlsx","C:\2026_Mareungil\data\서울특별시 강남구_하수관로 수위현황_20250908\2023-01-26하수수위60분현황.xlsx","19944","multiyear_candidate","mapping_and_unit_required","Address columns require mapping to UNQ_NO; negative values and one 19.63 spike","NTFS hardlink"
"reference\needs_mapping\sewer_level_hourly_gangnam_2023_2025\2023-01-27하수수위60분현황.xlsx","C:\2026_Mareungil\data\서울특별시 강남구_하수관로 수위현황_20250908\2023-01-27하수수위60분현황.xlsx","20025","multiyear_candidate","mapping_and_unit_required","Address columns require mapping to UNQ_NO; negative values and one 19.63 spike","NTFS hardlink"
"reference\needs_mapping\sewer_level_hourly_gangnam_2023_2025\2023-01-28하수수위60분현황.xlsx","C:\2026_Mareungil\data\서울특별시 강남구_하수관로 수위현황_20250908\2023-01-28하수수위60분현황.xlsx","19899","multiyear_candidate","mapping_and_unit_required","Address columns require mapping to UNQ_NO; negative values and one 19.63 spike","NTFS hardlink"
"reference\needs_mapping\sewer_level_hourly_gangnam_2023_2025\2023-01-29하수수위60분현황.xlsx","C:\2026_Mareungil\data\서울특별시 강남구_하수관로 수위현황_20250908\2023-01-29하수수위60분현황.xlsx","19828","multiyear_candidate","mapping_and_unit_required","Address columns require mapping to UNQ_NO; negative values and one 19.63 spike","NTFS hardlink"
"reference\needs_mapping\sewer_level_hourly_gangnam_2023_2025\2023-01-30하수수위60분현황.xlsx","C:\2026_Mareungil\data\서울특별시 강남구_하수관로 수위현황_20250908\2023-01-30하수수위60분현황.xlsx","19890","multiyear_candidate","mapping_and_unit_required","Address columns require mapping to UNQ_NO; negative values and one 19.63 spike","NTFS hardlink"
"reference\needs_mapping\sewer_level_hourly_gangnam_2023_2025\2023-01-31하수수위60분현황.xlsx","C:\2026_Mareungil\data\서울특별시 강남구_하수관로 수위현황_20250908\2023-01-31하수수위60분현황.xlsx","19871","multiyear_candidate","mapping_and_unit_required","Address columns require mapping to UNQ_NO; negative values and one 19.63 spike","NTFS hardlink"
"reference\needs_mapping\sewer_level_hourly_gangnam_2023_2025\2023-02-01하수수위60분현황.xlsx","C:\2026_Mareungil\data\서울특별시 강남구_하수관로 수위현황_20250908\2023-02-01하수수위60분현황.xlsx","19859","multiyear_candidate","mapping_and_unit_required","Address columns require mapping to UNQ_NO; negative values and one 19.63 spike","NTFS hardlink"
"reference\needs_mapping\sewer_level_hourly_gangnam_2023_2025\2023-02-02하수수위60분현황.xlsx","C:\2026_Mareungil\data\서울특별시 강남구_하수관로 수위현황_20250908\2023-02-02하수수위60분현황.xlsx","19898","multiyear_candidate","mapping_and_unit_required","Address columns require mapping to UNQ_NO; negative values and one 19.63 spike","NTFS hardlink"
"reference\needs_mapping\sewer_level_hourly_gangnam_2023_2025\2023-02-03하수수위60분현황.xlsx","C:\2026_Mareungil\data\서울특별시 강남구_하수관로 수위현황_20250908\2023-02-03하수수위60분현황.xlsx","19959","multiyear_candidate","mapping_and_unit_required","Address columns require mapping to UNQ_NO; negative values and one 19.63 spike","NTFS hardlink"
"reference\needs_mapping\sewer_level_hourly_gangnam_2023_2025\2023-02-04하수수위60분현황.xlsx","C:\2026_Mareungil\data\서울특별시 강남구_하수관로 수위현황_20250908\2023-02-04하수수위60분현황.xlsx","19925","multiyear_candidate","mapping_and_unit_required","Address columns require mapping to UNQ_NO; negative values and one 19.63 spike","NTFS hardlink"
"reference\needs_mapping\sewer_level_hourly_gangnam_2023_2025\2023-02-05하수수위60분현황.xlsx","C:\2026_Mareungil\data\서울특별시 강남구_하수관로 수위현황_20250908\2023-02-05하수수위60분현황.xlsx","19953","multiyear_candidate","mapping_and_unit_required","Address columns require mapping to UNQ_NO; negative values and one 19.63 spike","NTFS hardlink"
"reference\needs_mapping\sewer_level_hourly_gangnam_2023_2025\2023-02-06하수수위60분현황.xlsx","C:\2026_Mareungil\data\서울특별시 강남구_하수관로 수위현황_20250908\2023-02-06하수수위60분현황.xlsx","19949","multiyear_candidate","mapping_and_unit_required","Address columns require mapping to UNQ_NO; negative values and one 19.63 spike","NTFS hardlink"
"reference\needs_mapping\sewer_level_hourly_gangnam_2023_2025\2023-02-07하수수위60분현황.xlsx","C:\2026_Mareungil\data\서울특별시 강남구_하수관로 수위현황_20250908\2023-02-07하수수위60분현황.xlsx","19882","multiyear_candidate","mapping_and_unit_required","Address columns require mapping to UNQ_NO; negative values and one 19.63 spike","NTFS hardlink"
"reference\needs_mapping\sewer_level_hourly_gangnam_2023_2025\2023-02-08하수수위60분현황.xlsx","C:\2026_Mareungil\data\서울특별시 강남구_하수관로 수위현황_20250908\2023-02-08하수수위60분현황.xlsx","19930","multiyear_candidate","mapping_and_unit_required","Address columns require mapping to UNQ_NO; negative values and one 19.63 spike","NTFS hardlink"
"reference\needs_mapping\sewer_level_hourly_gangnam_2023_2025\2023-02-09하수수위60분현황.xlsx","C:\2026_Mareungil\data\서울특별시 강남구_하수관로 수위현황_20250908\2023-02-09하수수위60분현황.xlsx","19875","multiyear_candidate","mapping_and_unit_required","Address columns require mapping to UNQ_NO; negative values and one 19.63 spike","NTFS hardlink"
"reference\needs_mapping\sewer_level_hourly_gangnam_2023_2025\2023-02-10하수수위60분현황.xlsx","C:\2026_Mareungil\data\서울특별시 강남구_하수관로 수위현황_20250908\2023-02-10하수수위60분현황.xlsx","19960","multiyear_candidate","mapping_and_unit_required","Address columns require mapping to UNQ_NO; negative values and one 19.63 spike","NTFS hardlink"
"reference\needs_mapping\sewer_level_hourly_gangnam_2023_2025\2023-02-11하수수위60분현황.xlsx","C:\2026_Mareungil\data\서울특별시 강남구_하수관로 수위현황_20250908\2023-02-11하수수위60분현황.xlsx","19844","multiyear_candidate","mapping_and_unit_required","Address columns require mapping to UNQ_NO; negative values and one 19.63 spike","NTFS hardlink"
"reference\needs_mapping\sewer_level_hourly_gangnam_2023_2025\2023-02-12하수수위60분현황.xlsx","C:\2026_Mareungil\data\서울특별시 강남구_하수관로 수위현황_20250908\2023-02-12하수수위60분현황.xlsx","19837","multiyear_candidate","mapping_and_unit_required","Address columns require mapping to UNQ_NO; negative values and one 19.63 spike","NTFS hardlink"
"reference\needs_mapping\sewer_level_hourly_gangnam_2023_2025\2023-02-13하수수위60분현황.xlsx","C:\2026_Mareungil\data\서울특별시 강남구_하수관로 수위현황_20250908\2023-02-13하수수위60분현황.xlsx","19900","multiyear_candidate","mapping_and_unit_required","Address columns require mapping to UNQ_NO; negative values and one 19.63 spike","NTFS hardlink"
"reference\needs_mapping\sewer_level_hourly_gangnam_2023_2025\2023-02-14하수수위60분현황.xlsx","C:\2026_Mareungil\data\서울특별시 강남구_하수관로 수위현황_20250908\2023-02-14하수수위60분현황.xlsx","19941","multiyear_candidate","mapping_and_unit_required","Address columns require mapping to UNQ_NO; negative values and one 19.63 spike","NTFS hardlink"
"reference\needs_mapping\sewer_level_hourly_gangnam_2023_2025\2023-02-15하수수위60분현황.xlsx","C:\2026_Mareungil\data\서울특별시 강남구_하수관로 수위현황_20250908\2023-02-15하수수위60분현황.xlsx","19989","multiyear_candidate","mapping_and_unit_required","Address columns require mapping to UNQ_NO; negative values and one 19.63 spike","NTFS hardlink"
"reference\needs_mapping\sewer_level_hourly_gangnam_2023_2025\2023-02-16하수수위60분현황.xlsx","C:\2026_Mareungil\data\서울특별시 강남구_하수관로 수위현황_20250908\2023-02-16하수수위60분현황.xlsx","19886","multiyear_candidate","mapping_and_unit_required","Address columns require mapping to UNQ_NO; negative values and one 19.63 spike","NTFS hardlink"
"reference\needs_mapping\sewer_level_hourly_gangnam_2023_2025\2023-02-17하수수위60분현황.xlsx","C:\2026_Mareungil\data\서울특별시 강남구_하수관로 수위현황_20250908\2023-02-17하수수위60분현황.xlsx","19921","multiyear_candidate","mapping_and_unit_required","Address columns require mapping to UNQ_NO; negative values and one 19.63 spike","NTFS hardlink"
"reference\needs_mapping\sewer_level_hourly_gangnam_2023_2025\2023-02-18하수수위60분현황.xlsx","C:\2026_Mareungil\data\서울특별시 강남구_하수관로 수위현황_20250908\2023-02-18하수수위60분현황.xlsx","19844","multiyear_candidate","mapping_and_unit_required","Address columns require mapping to UNQ_NO; negative values and one 19.63 spike","NTFS hardlink"
"reference\needs_mapping\sewer_level_hourly_gangnam_2023_2025\2023-02-19하수수위60분현황.xlsx","C:\2026_Mareungil\data\서울특별시 강남구_하수관로 수위현황_20250908\2023-02-19하수수위60분현황.xlsx","19881","multiyear_candidate","mapping_and_unit_required","Address columns require mapping to UNQ_NO; negative values and one 19.63 spike","NTFS hardlink"
"reference\needs_mapping\sewer_level_hourly_gangnam_2023_2025\2023-02-20하수수위60분현황.xlsx","C:\2026_Mareungil\data\서울특별시 강남구_하수관로 수위현황_20250908\2023-02-20하수수위60분현황.xlsx","19913","multiyear_candidate","mapping_and_unit_required","Address columns require mapping to UNQ_NO; negative values and one 19.63 spike","NTFS hardlink"
"reference\needs_mapping\sewer_level_hourly_gangnam_2023_2025\2023-02-21하수수위60분현황.xlsx","C:\2026_Mareungil\data\서울특별시 강남구_하수관로 수위현황_20250908\2023-02-21하수수위60분현황.xlsx","20007","multiyear_candidate","mapping_and_unit_required","Address columns require mapping to UNQ_NO; negative values and one 19.63 spike","NTFS hardlink"
"reference\needs_mapping\sewer_level_hourly_gangnam_2023_2025\2023-02-22하수수위60분현황.xlsx","C:\2026_Mareungil\data\서울특별시 강남구_하수관로 수위현황_20250908\2023-02-22하수수위60분현황.xlsx","19941","multiyear_candidate","mapping_and_unit_required","Address columns require mapping to UNQ_NO; negative values and one 19.63 spike","NTFS hardlink"
"reference\needs_mapping\sewer_level_hourly_gangnam_2023_2025\2023-02-23하수수위60분현황.xlsx","C:\2026_Mareungil\data\서울특별시 강남구_하수관로 수위현황_20250908\2023-02-23하수수위60분현황.xlsx","19945","multiyear_candidate","mapping_and_unit_required","Address columns require mapping to UNQ_NO; negative values and one 19.63 spike","NTFS hardlink"
"reference\needs_mapping\sewer_level_hourly_gangnam_2023_2025\2023-02-24하수수위60분현황.xlsx","C:\2026_Mareungil\data\서울특별시 강남구_하수관로 수위현황_20250908\2023-02-24하수수위60분현황.xlsx","19948","multiyear_candidate","mapping_and_unit_required","Address columns require mapping to UNQ_NO; negative values and one 19.63 spike","NTFS hardlink"
"reference\needs_mapping\sewer_level_hourly_gangnam_2023_2025\2023-02-25하수수위60분현황.xlsx","C:\2026_Mareungil\data\서울특별시 강남구_하수관로 수위현황_20250908\2023-02-25하수수위60분현황.xlsx","19856","multiyear_candidate","mapping_and_unit_required","Address columns require mapping to UNQ_NO; negative values and one 19.63 spike","NTFS hardlink"
"reference\needs_mapping\sewer_level_hourly_gangnam_2023_2025\2023-02-26하수수위60분현황.xlsx","C:\2026_Mareungil\data\서울특별시 강남구_하수관로 수위현황_20250908\2023-02-26하수수위60분현황.xlsx","19948","multiyear_candidate","mapping_and_unit_required","Address columns require mapping to UNQ_NO; negative values and one 19.63 spike","NTFS hardlink"
"reference\needs_mapping\sewer_level_hourly_gangnam_2023_2025\2023-02-27하수수위60분현황.xlsx","C:\2026_Mareungil\data\서울특별시 강남구_하수관로 수위현황_20250908\2023-02-27하수수위60분현황.xlsx","19979","multiyear_candidate","mapping_and_unit_required","Address columns require mapping to UNQ_NO; negative values and one 19.63 spike","NTFS hardlink"
"reference\needs_mapping\sewer_level_hourly_gangnam_2023_2025\2023-02-28하수수위60분현황.xlsx","C:\2026_Mareungil\data\서울특별시 강남구_하수관로 수위현황_20250908\2023-02-28하수수위60분현황.xlsx","20001","multiyear_candidate","mapping_and_unit_required","Address columns require mapping to UNQ_NO; negative values and one 19.63 spike","NTFS hardlink"
"reference\needs_mapping\sewer_level_hourly_gangnam_2023_2025\2023-03-01하수수위60분현황.xlsx","C:\2026_Mareungil\data\서울특별시 강남구_하수관로 수위현황_20250908\2023-03-01하수수위60분현황.xlsx","19943","multiyear_candidate","mapping_and_unit_required","Address columns require mapping to UNQ_NO; negative values and one 19.63 spike","NTFS hardlink"
"reference\needs_mapping\sewer_level_hourly_gangnam_2023_2025\2023-03-02하수수위60분현황.xlsx","C:\2026_Mareungil\data\서울특별시 강남구_하수관로 수위현황_20250908\2023-03-02하수수위60분현황.xlsx","19954","multiyear_candidate","mapping_and_unit_required","Address columns require mapping to UNQ_NO; negative values and one 19.63 spike","NTFS hardlink"
"reference\needs_mapping\sewer_level_hourly_gangnam_2023_2025\2023-03-03하수수위60분현황.xlsx","C:\2026_Mareungil\data\서울특별시 강남구_하수관로 수위현황_20250908\2023-03-03하수수위60분현황.xlsx","20001","multiyear_candidate","mapping_and_unit_required","Address columns require mapping to UNQ_NO; negative values and one 19.63 spike","NTFS hardlink"
"reference\needs_mapping\sewer_level_hourly_gangnam_2023_2025\2023-03-04하수수위60분현황.xlsx","C:\2026_Mareungil\data\서울특별시 강남구_하수관로 수위현황_20250908\2023-03-04하수수위60분현황.xlsx","19888","multiyear_candidate","mapping_and_unit_required","Address columns require mapping to UNQ_NO; negative values and one 19.63 spike","NTFS hardlink"
"reference\needs_mapping\sewer_level_hourly_gangnam_2023_2025\2023-03-05하수수위60분현황.xlsx","C:\2026_Mareungil\data\서울특별시 강남구_하수관로 수위현황_20250908\2023-03-05하수수위60분현황.xlsx","19981","multiyear_candidate","mapping_and_unit_required","Address columns require mapping to UNQ_NO; negative values and one 19.63 spike","NTFS hardlink"
"reference\needs_mapping\sewer_level_hourly_gangnam_2023_2025\2023-03-06하수수위60분현황.xlsx","C:\2026_Mareungil\data\서울특별시 강남구_하수관로 수위현황_20250908\2023-03-06하수수위60분현황.xlsx","19964","multiyear_candidate","mapping_and_unit_required","Address columns require mapping to UNQ_NO; negative values and one 19.63 spike","NTFS hardlink"
"reference\needs_mapping\sewer_level_hourly_gangnam_2023_2025\2023-03-07하수수위60분현황.xlsx","C:\2026_Mareungil\data\서울특별시 강남구_하수관로 수위현황_20250908\2023-03-07하수수위60분현황.xlsx","19944","multiyear_candidate","mapping_and_unit_required","Address columns require mapping to UNQ_NO; negative values and one 19.63 spike","NTFS hardlink"
"reference\needs_mapping\sewer_level_hourly_gangnam_2023_2025\2023-03-08하수수위60분현황.xlsx","C:\2026_Mareungil\data\서울특별시 강남구_하수관로 수위현황_20250908\2023-03-08하수수위60분현황.xlsx","19950","multiyear_candidate","mapping_and_unit_required","Address columns require mapping to UNQ_NO; negative values and one 19.63 spike","NTFS hardlink"
"reference\needs_mapping\sewer_level_hourly_gangnam_2023_2025\2023-03-09하수수위60분현황.xlsx","C:\2026_Mareungil\data\서울특별시 강남구_하수관로 수위현황_20250908\2023-03-09하수수위60분현황.xlsx","19968","multiyear_candidate","mapping_and_unit_required","Address columns require mapping to UNQ_NO; negative values and one 19.63 spike","NTFS hardlink"
"reference\needs_mapping\sewer_level_hourly_gangnam_2023_2025\2023-03-10하수수위60분현황.xlsx","C:\2026_Mareungil\data\서울특별시 강남구_하수관로 수위현황_20250908\2023-03-10하수수위60분현황.xlsx","19911","multiyear_candidate","mapping_and_unit_required","Address columns require mapping to UNQ_NO; negative values and one 19.63 spike","NTFS hardlink"
"reference\needs_mapping\sewer_level_hourly_gangnam_2023_2025\2023-03-11하수수위60분현황.xlsx","C:\2026_Mareungil\data\서울특별시 강남구_하수관로 수위현황_20250908\2023-03-11하수수위60분현황.xlsx","19878","multiyear_candidate","mapping_and_unit_required","Address columns require mapping to UNQ_NO; negative values and one 19.63 spike","NTFS hardlink"
"reference\needs_mapping\sewer_level_hourly_gangnam_2023_2025\2023-03-12하수수위60분현황.xlsx","C:\2026_Mareungil\data\서울특별시 강남구_하수관로 수위현황_20250908\2023-03-12하수수위60분현황.xlsx","19943","multiyear_candidate","mapping_and_unit_required","Address columns require mapping to UNQ_NO; negative values and one 19.63 spike","NTFS hardlink"
"reference\needs_mapping\sewer_level_hourly_gangnam_2023_2025\2023-03-13하수수위60분현황.xlsx","C:\2026_Mareungil\data\서울특별시 강남구_하수관로 수위현황_20250908\2023-03-13하수수위60분현황.xlsx","19967","multiyear_candidate","mapping_and_unit_required","Address columns require mapping to UNQ_NO; negative values and one 19.63 spike","NTFS hardlink"
"reference\needs_mapping\sewer_level_hourly_gangnam_2023_2025\2023-03-14하수수위60분현황.xlsx","C:\2026_Mareungil\data\서울특별시 강남구_하수관로 수위현황_20250908\2023-03-14하수수위60분현황.xlsx","19944","multiyear_candidate","mapping_and_unit_required","Address columns require mapping to UNQ_NO; negative values and one 19.63 spike","NTFS hardlink"
"reference\needs_mapping\sewer_level_hourly_gangnam_2023_2025\2023-03-15하수수위60분현황.xlsx","C:\2026_Mareungil\data\서울특별시 강남구_하수관로 수위현황_20250908\2023-03-15하수수위60분현황.xlsx","19992","multiyear_candidate","mapping_and_unit_required","Address columns require mapping to UNQ_NO; negative values and one 19.63 spike","NTFS hardlink"
"reference\needs_mapping\sewer_level_hourly_gangnam_2023_2025\2023-03-16하수수위60분현황.xlsx","C:\2026_Mareungil\data\서울특별시 강남구_하수관로 수위현황_20250908\2023-03-16하수수위60분현황.xlsx","19934","multiyear_candidate","mapping_and_unit_required","Address columns require mapping to UNQ_NO; negative values and one 19.63 spike","NTFS hardlink"
"reference\needs_mapping\sewer_level_hourly_gangnam_2023_2025\2023-03-17하수수위60분현황.xlsx","C:\2026_Mareungil\data\서울특별시 강남구_하수관로 수위현황_20250908\2023-03-17하수수위60분현황.xlsx","20026","multiyear_candidate","mapping_and_unit_required","Address columns require mapping to UNQ_NO; negative values and one 19.63 spike","NTFS hardlink"
"reference\needs_mapping\sewer_level_hourly_gangnam_2023_2025\2023-03-18하수수위60분현황.xlsx","C:\2026_Mareungil\data\서울특별시 강남구_하수관로 수위현황_20250908\2023-03-18하수수위60분현황.xlsx","19928","multiyear_candidate","mapping_and_unit_required","Address columns require mapping to UNQ_NO; negative values and one 19.63 spike","NTFS hardlink"
"reference\needs_mapping\sewer_level_hourly_gangnam_2023_2025\2023-03-19하수수위60분현황.xlsx","C:\2026_Mareungil\data\서울특별시 강남구_하수관로 수위현황_20250908\2023-03-19하수수위60분현황.xlsx","19953","multiyear_candidate","mapping_and_unit_required","Address columns require mapping to UNQ_NO; negative values and one 19.63 spike","NTFS hardlink"
"reference\needs_mapping\sewer_level_hourly_gangnam_2023_2025\2023-03-20하수수위60분현황.xlsx","C:\2026_Mareungil\data\서울특별시 강남구_하수관로 수위현황_20250908\2023-03-20하수수위60분현황.xlsx","19987","multiyear_candidate","mapping_and_unit_required","Address columns require mapping to UNQ_NO; negative values and one 19.63 spike","NTFS hardlink"
"reference\needs_mapping\sewer_level_hourly_gangnam_2023_2025\2023-03-21하수수위60분현황.xlsx","C:\2026_Mareungil\data\서울특별시 강남구_하수관로 수위현황_20250908\2023-03-21하수수위60분현황.xlsx","19941","multiyear_candidate","mapping_and_unit_required","Address columns require mapping to UNQ_NO; negative values and one 19.63 spike","NTFS hardlink"
"reference\needs_mapping\sewer_level_hourly_gangnam_2023_2025\2023-03-22하수수위60분현황.xlsx","C:\2026_Mareungil\data\서울특별시 강남구_하수관로 수위현황_20250908\2023-03-22하수수위60분현황.xlsx","19953","multiyear_candidate","mapping_and_unit_required","Address columns require mapping to UNQ_NO; negative values and one 19.63 spike","NTFS hardlink"
"reference\needs_mapping\sewer_level_hourly_gangnam_2023_2025\2023-03-23하수수위60분현황.xlsx","C:\2026_Mareungil\data\서울특별시 강남구_하수관로 수위현황_20250908\2023-03-23하수수위60분현황.xlsx","19959","multiyear_candidate","mapping_and_unit_required","Address columns require mapping to UNQ_NO; negative values and one 19.63 spike","NTFS hardlink"
"reference\needs_mapping\sewer_level_hourly_gangnam_2023_2025\2023-03-24하수수위60분현황.xlsx","C:\2026_Mareungil\data\서울특별시 강남구_하수관로 수위현황_20250908\2023-03-24하수수위60분현황.xlsx","19960","multiyear_candidate","mapping_and_unit_required","Address columns require mapping to UNQ_NO; negative values and one 19.63 spike","NTFS hardlink"
"reference\needs_mapping\sewer_level_hourly_gangnam_2023_2025\2023-03-25하수수위60분현황.xlsx","C:\2026_Mareungil\data\서울특별시 강남구_하수관로 수위현황_20250908\2023-03-25하수수위60분현황.xlsx","19993","multiyear_candidate","mapping_and_unit_required","Address columns require mapping to UNQ_NO; negative values and one 19.63 spike","NTFS hardlink"
"reference\needs_mapping\sewer_level_hourly_gangnam_2023_2025\2023-03-26하수수위60분현황.xlsx","C:\2026_Mareungil\data\서울특별시 강남구_하수관로 수위현황_20250908\2023-03-26하수수위60분현황.xlsx","19978","multiyear_candidate","mapping_and_unit_required","Address columns require mapping to UNQ_NO; negative values and one 19.63 spike","NTFS hardlink"
"reference\needs_mapping\sewer_level_hourly_gangnam_2023_2025\2023-03-27하수수위60분현황.xlsx","C:\2026_Mareungil\data\서울특별시 강남구_하수관로 수위현황_20250908\2023-03-27하수수위60분현황.xlsx","20008","multiyear_candidate","mapping_and_unit_required","Address columns require mapping to UNQ_NO; negative values and one 19.63 spike","NTFS hardlink"
"reference\needs_mapping\sewer_level_hourly_gangnam_2023_2025\2023-03-28하수수위60분현황.xlsx","C:\2026_Mareungil\data\서울특별시 강남구_하수관로 수위현황_20250908\2023-03-28하수수위60분현황.xlsx","20007","multiyear_candidate","mapping_and_unit_required","Address columns require mapping to UNQ_NO; negative values and one 19.63 spike","NTFS hardlink"
"reference\needs_mapping\sewer_level_hourly_gangnam_2023_2025\2023-03-29하수수위60분현황.xlsx","C:\2026_Mareungil\data\서울특별시 강남구_하수관로 수위현황_20250908\2023-03-29하수수위60분현황.xlsx","20032","multiyear_candidate","mapping_and_unit_required","Address columns require mapping to UNQ_NO; negative values and one 19.63 spike","NTFS hardlink"
"reference\needs_mapping\sewer_level_hourly_gangnam_2023_2025\2023-03-30하수수위60분현황.xlsx","C:\2026_Mareungil\data\서울특별시 강남구_하수관로 수위현황_20250908\2023-03-30하수수위60분현황.xlsx","20019","multiyear_candidate","mapping_and_unit_required","Address columns require mapping to UNQ_NO; negative values and one 19.63 spike","NTFS hardlink"
"reference\needs_mapping\sewer_level_hourly_gangnam_2023_2025\2023-03-31하수수위60분현황.xlsx","C:\2026_Mareungil\data\서울특별시 강남구_하수관로 수위현황_20250908\2023-03-31하수수위60분현황.xlsx","20002","multiyear_candidate","mapping_and_unit_required","Address columns require mapping to UNQ_NO; negative values and one 19.63 spike","NTFS hardlink"
"reference\needs_mapping\sewer_level_hourly_gangnam_2023_2025\2023-04-01하수수위60분현황.xlsx","C:\2026_Mareungil\data\서울특별시 강남구_하수관로 수위현황_20250908\2023-04-01하수수위60분현황.xlsx","19931","multiyear_candidate","mapping_and_unit_required","Address columns require mapping to UNQ_NO; negative values and one 19.63 spike","NTFS hardlink"
"reference\needs_mapping\sewer_level_hourly_gangnam_2023_2025\2023-04-02하수수위60분현황.xlsx","C:\2026_Mareungil\data\서울특별시 강남구_하수관로 수위현황_20250908\2023-04-02하수수위60분현황.xlsx","19906","multiyear_candidate","mapping_and_unit_required","Address columns require mapping to UNQ_NO; negative values and one 19.63 spike","NTFS hardlink"
"reference\needs_mapping\sewer_level_hourly_gangnam_2023_2025\2023-04-03하수수위60분현황.xlsx","C:\2026_Mareungil\data\서울특별시 강남구_하수관로 수위현황_20250908\2023-04-03하수수위60분현황.xlsx","19917","multiyear_candidate","mapping_and_unit_required","Address columns require mapping to UNQ_NO; negative values and one 19.63 spike","NTFS hardlink"
"reference\needs_mapping\sewer_level_hourly_gangnam_2023_2025\2023-04-04하수수위60분현황.xlsx","C:\2026_Mareungil\data\서울특별시 강남구_하수관로 수위현황_20250908\2023-04-04하수수위60분현황.xlsx","20033","multiyear_candidate","mapping_and_unit_required","Address columns require mapping to UNQ_NO; negative values and one 19.63 spike","NTFS hardlink"
"reference\needs_mapping\sewer_level_hourly_gangnam_2023_2025\2023-04-05하수수위60분현황.xlsx","C:\2026_Mareungil\data\서울특별시 강남구_하수관로 수위현황_20250908\2023-04-05하수수위60분현황.xlsx","20447","multiyear_candidate","mapping_and_unit_required","Address columns require mapping to UNQ_NO; negative values and one 19.63 spike","NTFS hardlink"
"reference\needs_mapping\sewer_level_hourly_gangnam_2023_2025\2023-04-06하수수위60분현황.xlsx","C:\2026_Mareungil\data\서울특별시 강남구_하수관로 수위현황_20250908\2023-04-06하수수위60분현황.xlsx","20089","multiyear_candidate","mapping_and_unit_required","Address columns require mapping to UNQ_NO; negative values and one 19.63 spike","NTFS hardlink"
"reference\needs_mapping\sewer_level_hourly_gangnam_2023_2025\2023-04-07하수수위60분현황.xlsx","C:\2026_Mareungil\data\서울특별시 강남구_하수관로 수위현황_20250908\2023-04-07하수수위60분현황.xlsx","19947","multiyear_candidate","mapping_and_unit_required","Address columns require mapping to UNQ_NO; negative values and one 19.63 spike","NTFS hardlink"
"reference\needs_mapping\sewer_level_hourly_gangnam_2023_2025\2023-04-08하수수위60분현황.xlsx","C:\2026_Mareungil\data\서울특별시 강남구_하수관로 수위현황_20250908\2023-04-08하수수위60분현황.xlsx","19903","multiyear_candidate","mapping_and_unit_required","Address columns require mapping to UNQ_NO; negative values and one 19.63 spike","NTFS hardlink"
"reference\needs_mapping\sewer_level_hourly_gangnam_2023_2025\2023-04-09하수수위60분현황.xlsx","C:\2026_Mareungil\data\서울특별시 강남구_하수관로 수위현황_20250908\2023-04-09하수수위60분현황.xlsx","19892","multiyear_candidate","mapping_and_unit_required","Address columns require mapping to UNQ_NO; negative values and one 19.63 spike","NTFS hardlink"
"reference\needs_mapping\sewer_level_hourly_gangnam_2023_2025\2023-04-10하수수위60분현황.xlsx","C:\2026_Mareungil\data\서울특별시 강남구_하수관로 수위현황_20250908\2023-04-10하수수위60분현황.xlsx","20021","multiyear_candidate","mapping_and_unit_required","Address columns require mapping to UNQ_NO; negative values and one 19.63 spike","NTFS hardlink"
"reference\needs_mapping\sewer_level_hourly_gangnam_2023_2025\2023-04-11하수수위60분현황.xlsx","C:\2026_Mareungil\data\서울특별시 강남구_하수관로 수위현황_20250908\2023-04-11하수수위60분현황.xlsx","20015","multiyear_candidate","mapping_and_unit_required","Address columns require mapping to UNQ_NO; negative values and one 19.63 spike","NTFS hardlink"
"reference\needs_mapping\sewer_level_hourly_gangnam_2023_2025\2023-04-12하수수위60분현황.xlsx","C:\2026_Mareungil\data\서울특별시 강남구_하수관로 수위현황_20250908\2023-04-12하수수위60분현황.xlsx","19861","multiyear_candidate","mapping_and_unit_required","Address columns require mapping to UNQ_NO; negative values and one 19.63 spike","NTFS hardlink"
"reference\needs_mapping\sewer_level_hourly_gangnam_2023_2025\2023-04-13하수수위60분현황.xlsx","C:\2026_Mareungil\data\서울특별시 강남구_하수관로 수위현황_20250908\2023-04-13하수수위60분현황.xlsx","18758","multiyear_candidate","mapping_and_unit_required","Address columns require mapping to UNQ_NO; negative values and one 19.63 spike","NTFS hardlink"
"reference\needs_mapping\sewer_level_hourly_gangnam_2023_2025\2023-04-14하수수위60분현황.xlsx","C:\2026_Mareungil\data\서울특별시 강남구_하수관로 수위현황_20250908\2023-04-14하수수위60분현황.xlsx","19391","multiyear_candidate","mapping_and_unit_required","Address columns require mapping to UNQ_NO; negative values and one 19.63 spike","NTFS hardlink"
"reference\needs_mapping\sewer_level_hourly_gangnam_2023_2025\2023-04-15하수수위60분현황.xlsx","C:\2026_Mareungil\data\서울특별시 강남구_하수관로 수위현황_20250908\2023-04-15하수수위60분현황.xlsx","19908","multiyear_candidate","mapping_and_unit_required","Address columns require mapping to UNQ_NO; negative values and one 19.63 spike","NTFS hardlink"
"reference\needs_mapping\sewer_level_hourly_gangnam_2023_2025\2023-04-16하수수위60분현황.xlsx","C:\2026_Mareungil\data\서울특별시 강남구_하수관로 수위현황_20250908\2023-04-16하수수위60분현황.xlsx","19835","multiyear_candidate","mapping_and_unit_required","Address columns require mapping to UNQ_NO; negative values and one 19.63 spike","NTFS hardlink"
"reference\needs_mapping\sewer_level_hourly_gangnam_2023_2025\2023-04-17하수수위60분현황.xlsx","C:\2026_Mareungil\data\서울특별시 강남구_하수관로 수위현황_20250908\2023-04-17하수수위60분현황.xlsx","19875","multiyear_candidate","mapping_and_unit_required","Address columns require mapping to UNQ_NO; negative values and one 19.63 spike","NTFS hardlink"
"reference\needs_mapping\sewer_level_hourly_gangnam_2023_2025\2023-04-18하수수위60분현황.xlsx","C:\2026_Mareungil\data\서울특별시 강남구_하수관로 수위현황_20250908\2023-04-18하수수위60분현황.xlsx","19955","multiyear_candidate","mapping_and_unit_required","Address columns require mapping to UNQ_NO; negative values and one 19.63 spike","NTFS hardlink"
"reference\needs_mapping\sewer_level_hourly_gangnam_2023_2025\2023-04-19하수수위60분현황.xlsx","C:\2026_Mareungil\data\서울특별시 강남구_하수관로 수위현황_20250908\2023-04-19하수수위60분현황.xlsx","19909","multiyear_candidate","mapping_and_unit_required","Address columns require mapping to UNQ_NO; negative values and one 19.63 spike","NTFS hardlink"
"reference\needs_mapping\sewer_level_hourly_gangnam_2023_2025\2023-04-20하수수위60분현황.xlsx","C:\2026_Mareungil\data\서울특별시 강남구_하수관로 수위현황_20250908\2023-04-20하수수위60분현황.xlsx","19879","multiyear_candidate","mapping_and_unit_required","Address columns require mapping to UNQ_NO; negative values and one 19.63 spike","NTFS hardlink"
"reference\needs_mapping\sewer_level_hourly_gangnam_2023_2025\2023-04-21하수수위60분현황.xlsx","C:\2026_Mareungil\data\서울특별시 강남구_하수관로 수위현황_20250908\2023-04-21하수수위60분현황.xlsx","19888","multiyear_candidate","mapping_and_unit_required","Address columns require mapping to UNQ_NO; negative values and one 19.63 spike","NTFS hardlink"
"reference\needs_mapping\sewer_level_hourly_gangnam_2023_2025\2023-04-22하수수위60분현황.xlsx","C:\2026_Mareungil\data\서울특별시 강남구_하수관로 수위현황_20250908\2023-04-22하수수위60분현황.xlsx","19859","multiyear_candidate","mapping_and_unit_required","Address columns require mapping to UNQ_NO; negative values and one 19.63 spike","NTFS hardlink"
"reference\needs_mapping\sewer_level_hourly_gangnam_2023_2025\2023-04-23하수수위60분현황.xlsx","C:\2026_Mareungil\data\서울특별시 강남구_하수관로 수위현황_20250908\2023-04-23하수수위60분현황.xlsx","19848","multiyear_candidate","mapping_and_unit_required","Address columns require mapping to UNQ_NO; negative values and one 19.63 spike","NTFS hardlink"
"reference\needs_mapping\sewer_level_hourly_gangnam_2023_2025\2023-04-24하수수위60분현황.xlsx","C:\2026_Mareungil\data\서울특별시 강남구_하수관로 수위현황_20250908\2023-04-24하수수위60분현황.xlsx","19896","multiyear_candidate","mapping_and_unit_required","Address columns require mapping to UNQ_NO; negative values and one 19.63 spike","NTFS hardlink"
"reference\needs_mapping\sewer_level_hourly_gangnam_2023_2025\2023-04-25하수수위60분현황.xlsx","C:\2026_Mareungil\data\서울특별시 강남구_하수관로 수위현황_20250908\2023-04-25하수수위60분현황.xlsx","20001","multiyear_candidate","mapping_and_unit_required","Address columns require mapping to UNQ_NO; negative values and one 19.63 spike","NTFS hardlink"
"reference\needs_mapping\sewer_level_hourly_gangnam_2023_2025\2023-04-26하수수위60분현황.xlsx","C:\2026_Mareungil\data\서울특별시 강남구_하수관로 수위현황_20250908\2023-04-26하수수위60분현황.xlsx","19975","multiyear_candidate","mapping_and_unit_required","Address columns require mapping to UNQ_NO; negative values and one 19.63 spike","NTFS hardlink"
"reference\needs_mapping\sewer_level_hourly_gangnam_2023_2025\2023-04-27하수수위60분현황.xlsx","C:\2026_Mareungil\data\서울특별시 강남구_하수관로 수위현황_20250908\2023-04-27하수수위60분현황.xlsx","20002","multiyear_candidate","mapping_and_unit_required","Address columns require mapping to UNQ_NO; negative values and one 19.63 spike","NTFS hardlink"
"reference\needs_mapping\sewer_level_hourly_gangnam_2023_2025\2023-04-28하수수위60분현황.xlsx","C:\2026_Mareungil\data\서울특별시 강남구_하수관로 수위현황_20250908\2023-04-28하수수위60분현황.xlsx","20026","multiyear_candidate","mapping_and_unit_required","Address columns require mapping to UNQ_NO; negative values and one 19.63 spike","NTFS hardlink"
"reference\needs_mapping\sewer_level_hourly_gangnam_2023_2025\2023-04-29하수수위60분현황.xlsx","C:\2026_Mareungil\data\서울특별시 강남구_하수관로 수위현황_20250908\2023-04-29하수수위60분현황.xlsx","20264","multiyear_candidate","mapping_and_unit_required","Address columns require mapping to UNQ_NO; negative values and one 19.63 spike","NTFS hardlink"
"reference\needs_mapping\sewer_level_hourly_gangnam_2023_2025\2023-04-30하수수위60분현황.xlsx","C:\2026_Mareungil\data\서울특별시 강남구_하수관로 수위현황_20250908\2023-04-30하수수위60분현황.xlsx","19956","multiyear_candidate","mapping_and_unit_required","Address columns require mapping to UNQ_NO; negative values and one 19.63 spike","NTFS hardlink"
"reference\needs_mapping\sewer_level_hourly_gangnam_2023_2025\2023-05-01하수수위60분현황.xlsx","C:\2026_Mareungil\data\서울특별시 강남구_하수관로 수위현황_20250908\2023-05-01하수수위60분현황.xlsx","19950","multiyear_candidate","mapping_and_unit_required","Address columns require mapping to UNQ_NO; negative values and one 19.63 spike","NTFS hardlink"
"reference\needs_mapping\sewer_level_hourly_gangnam_2023_2025\2023-05-02하수수위60분현황.xlsx","C:\2026_Mareungil\data\서울특별시 강남구_하수관로 수위현황_20250908\2023-05-02하수수위60분현황.xlsx","20010","multiyear_candidate","mapping_and_unit_required","Address columns require mapping to UNQ_NO; negative values and one 19.63 spike","NTFS hardlink"
"reference\needs_mapping\sewer_level_hourly_gangnam_2023_2025\2023-05-03하수수위60분현황.xlsx","C:\2026_Mareungil\data\서울특별시 강남구_하수관로 수위현황_20250908\2023-05-03하수수위60분현황.xlsx","19997","multiyear_candidate","mapping_and_unit_required","Address columns require mapping to UNQ_NO; negative values and one 19.63 spike","NTFS hardlink"
"reference\needs_mapping\sewer_level_hourly_gangnam_2023_2025\2023-05-04하수수위60분현황.xlsx","C:\2026_Mareungil\data\서울특별시 강남구_하수관로 수위현황_20250908\2023-05-04하수수위60분현황.xlsx","20051","multiyear_candidate","mapping_and_unit_required","Address columns require mapping to UNQ_NO; negative values and one 19.63 spike","NTFS hardlink"
"reference\needs_mapping\sewer_level_hourly_gangnam_2023_2025\2023-05-05하수수위60분현황.xlsx","C:\2026_Mareungil\data\서울특별시 강남구_하수관로 수위현황_20250908\2023-05-05하수수위60분현황.xlsx","20375","multiyear_candidate","mapping_and_unit_required","Address columns require mapping to UNQ_NO; negative values and one 19.63 spike","NTFS hardlink"
"reference\needs_mapping\sewer_level_hourly_gangnam_2023_2025\2023-05-06하수수위60분현황.xlsx","C:\2026_Mareungil\data\서울특별시 강남구_하수관로 수위현황_20250908\2023-05-06하수수위60분현황.xlsx","20474","multiyear_candidate","mapping_and_unit_required","Address columns require mapping to UNQ_NO; negative values and one 19.63 spike","NTFS hardlink"
"reference\needs_mapping\sewer_level_hourly_gangnam_2023_2025\2023-05-07하수수위60분현황.xlsx","C:\2026_Mareungil\data\서울특별시 강남구_하수관로 수위현황_20250908\2023-05-07하수수위60분현황.xlsx","19963","multiyear_candidate","mapping_and_unit_required","Address columns require mapping to UNQ_NO; negative values and one 19.63 spike","NTFS hardlink"
"reference\needs_mapping\sewer_level_hourly_gangnam_2023_2025\2023-05-08하수수위60분현황.xlsx","C:\2026_Mareungil\data\서울특별시 강남구_하수관로 수위현황_20250908\2023-05-08하수수위60분현황.xlsx","20042","multiyear_candidate","mapping_and_unit_required","Address columns require mapping to UNQ_NO; negative values and one 19.63 spike","NTFS hardlink"
"reference\needs_mapping\sewer_level_hourly_gangnam_2023_2025\2023-05-09하수수위60분현황.xlsx","C:\2026_Mareungil\data\서울특별시 강남구_하수관로 수위현황_20250908\2023-05-09하수수위60분현황.xlsx","20012","multiyear_candidate","mapping_and_unit_required","Address columns require mapping to UNQ_NO; negative values and one 19.63 spike","NTFS hardlink"
"reference\needs_mapping\sewer_level_hourly_gangnam_2023_2025\2023-05-10하수수위60분현황.xlsx","C:\2026_Mareungil\data\서울특별시 강남구_하수관로 수위현황_20250908\2023-05-10하수수위60분현황.xlsx","20052","multiyear_candidate","mapping_and_unit_required","Address columns require mapping to UNQ_NO; negative values and one 19.63 spike","NTFS hardlink"
"reference\needs_mapping\sewer_level_hourly_gangnam_2023_2025\2023-05-11하수수위60분현황.xlsx","C:\2026_Mareungil\data\서울특별시 강남구_하수관로 수위현황_20250908\2023-05-11하수수위60분현황.xlsx","19988","multiyear_candidate","mapping_and_unit_required","Address columns require mapping to UNQ_NO; negative values and one 19.63 spike","NTFS hardlink"
"reference\needs_mapping\sewer_level_hourly_gangnam_2023_2025\2023-05-12하수수위60분현황.xlsx","C:\2026_Mareungil\data\서울특별시 강남구_하수관로 수위현황_20250908\2023-05-12하수수위60분현황.xlsx","20000","multiyear_candidate","mapping_and_unit_required","Address columns require mapping to UNQ_NO; negative values and one 19.63 spike","NTFS hardlink"
"reference\needs_mapping\sewer_level_hourly_gangnam_2023_2025\2023-05-13하수수위60분현황.xlsx","C:\2026_Mareungil\data\서울특별시 강남구_하수관로 수위현황_20250908\2023-05-13하수수위60분현황.xlsx","19970","multiyear_candidate","mapping_and_unit_required","Address columns require mapping to UNQ_NO; negative values and one 19.63 spike","NTFS hardlink"
"reference\needs_mapping\sewer_level_hourly_gangnam_2023_2025\2023-05-14하수수위60분현황.xlsx","C:\2026_Mareungil\data\서울특별시 강남구_하수관로 수위현황_20250908\2023-05-14하수수위60분현황.xlsx","19962","multiyear_candidate","mapping_and_unit_required","Address columns require mapping to UNQ_NO; negative values and one 19.63 spike","NTFS hardlink"
"reference\needs_mapping\sewer_level_hourly_gangnam_2023_2025\2023-05-15하수수위60분현황.xlsx","C:\2026_Mareungil\data\서울특별시 강남구_하수관로 수위현황_20250908\2023-05-15하수수위60분현황.xlsx","20006","multiyear_candidate","mapping_and_unit_required","Address columns require mapping to UNQ_NO; negative values and one 19.63 spike","NTFS hardlink"
"reference\needs_mapping\sewer_level_hourly_gangnam_2023_2025\2023-05-16하수수위60분현황.xlsx","C:\2026_Mareungil\data\서울특별시 강남구_하수관로 수위현황_20250908\2023-05-16하수수위60분현황.xlsx","20084","multiyear_candidate","mapping_and_unit_required","Address columns require mapping to UNQ_NO; negative values and one 19.63 spike","NTFS hardlink"
"reference\needs_mapping\sewer_level_hourly_gangnam_2023_2025\2023-05-17하수수위60분현황.xlsx","C:\2026_Mareungil\data\서울특별시 강남구_하수관로 수위현황_20250908\2023-05-17하수수위60분현황.xlsx","20032","multiyear_candidate","mapping_and_unit_required","Address columns require mapping to UNQ_NO; negative values and one 19.63 spike","NTFS hardlink"
"reference\needs_mapping\sewer_level_hourly_gangnam_2023_2025\2023-05-18하수수위60분현황.xlsx","C:\2026_Mareungil\data\서울특별시 강남구_하수관로 수위현황_20250908\2023-05-18하수수위60분현황.xlsx","20241","multiyear_candidate","mapping_and_unit_required","Address columns require mapping to UNQ_NO; negative values and one 19.63 spike","NTFS hardlink"
"reference\needs_mapping\sewer_level_hourly_gangnam_2023_2025\2023-05-19하수수위60분현황.xlsx","C:\2026_Mareungil\data\서울특별시 강남구_하수관로 수위현황_20250908\2023-05-19하수수위60분현황.xlsx","20103","multiyear_candidate","mapping_and_unit_required","Address columns require mapping to UNQ_NO; negative values and one 19.63 spike","NTFS hardlink"
"reference\needs_mapping\sewer_level_hourly_gangnam_2023_2025\2023-05-20하수수위60분현황.xlsx","C:\2026_Mareungil\data\서울특별시 강남구_하수관로 수위현황_20250908\2023-05-20하수수위60분현황.xlsx","20011","multiyear_candidate","mapping_and_unit_required","Address columns require mapping to UNQ_NO; negative values and one 19.63 spike","NTFS hardlink"
"reference\needs_mapping\sewer_level_hourly_gangnam_2023_2025\2023-05-21하수수위60분현황.xlsx","C:\2026_Mareungil\data\서울특별시 강남구_하수관로 수위현황_20250908\2023-05-21하수수위60분현황.xlsx","19941","multiyear_candidate","mapping_and_unit_required","Address columns require mapping to UNQ_NO; negative values and one 19.63 spike","NTFS hardlink"
"reference\needs_mapping\sewer_level_hourly_gangnam_2023_2025\2023-05-22하수수위60분현황.xlsx","C:\2026_Mareungil\data\서울특별시 강남구_하수관로 수위현황_20250908\2023-05-22하수수위60분현황.xlsx","20063","multiyear_candidate","mapping_and_unit_required","Address columns require mapping to UNQ_NO; negative values and one 19.63 spike","NTFS hardlink"
"reference\needs_mapping\sewer_level_hourly_gangnam_2023_2025\2023-05-23하수수위60분현황.xlsx","C:\2026_Mareungil\data\서울특별시 강남구_하수관로 수위현황_20250908\2023-05-23하수수위60분현황.xlsx","20009","multiyear_candidate","mapping_and_unit_required","Address columns require mapping to UNQ_NO; negative values and one 19.63 spike","NTFS hardlink"
"reference\needs_mapping\sewer_level_hourly_gangnam_2023_2025\2023-05-24하수수위60분현황.xlsx","C:\2026_Mareungil\data\서울특별시 강남구_하수관로 수위현황_20250908\2023-05-24하수수위60분현황.xlsx","20026","multiyear_candidate","mapping_and_unit_required","Address columns require mapping to UNQ_NO; negative values and one 19.63 spike","NTFS hardlink"
"reference\needs_mapping\sewer_level_hourly_gangnam_2023_2025\2023-05-25하수수위60분현황.xlsx","C:\2026_Mareungil\data\서울특별시 강남구_하수관로 수위현황_20250908\2023-05-25하수수위60분현황.xlsx","20071","multiyear_candidate","mapping_and_unit_required","Address columns require mapping to UNQ_NO; negative values and one 19.63 spike","NTFS hardlink"
"reference\needs_mapping\sewer_level_hourly_gangnam_2023_2025\2023-05-26하수수위60분현황.xlsx","C:\2026_Mareungil\data\서울특별시 강남구_하수관로 수위현황_20250908\2023-05-26하수수위60분현황.xlsx","20143","multiyear_candidate","mapping_and_unit_required","Address columns require mapping to UNQ_NO; negative values and one 19.63 spike","NTFS hardlink"
"reference\needs_mapping\sewer_level_hourly_gangnam_2023_2025\2023-05-27하수수위60분현황.xlsx","C:\2026_Mareungil\data\서울특별시 강남구_하수관로 수위현황_20250908\2023-05-27하수수위60분현황.xlsx","20439","multiyear_candidate","mapping_and_unit_required","Address columns require mapping to UNQ_NO; negative values and one 19.63 spike","NTFS hardlink"
"reference\needs_mapping\sewer_level_hourly_gangnam_2023_2025\2023-05-28하수수위60분현황.xlsx","C:\2026_Mareungil\data\서울특별시 강남구_하수관로 수위현황_20250908\2023-05-28하수수위60분현황.xlsx","20533","multiyear_candidate","mapping_and_unit_required","Address columns require mapping to UNQ_NO; negative values and one 19.63 spike","NTFS hardlink"
"reference\needs_mapping\sewer_level_hourly_gangnam_2023_2025\2023-05-29하수수위60분현황.xlsx","C:\2026_Mareungil\data\서울특별시 강남구_하수관로 수위현황_20250908\2023-05-29하수수위60분현황.xlsx","20333","multiyear_candidate","mapping_and_unit_required","Address columns require mapping to UNQ_NO; negative values and one 19.63 spike","NTFS hardlink"
"reference\needs_mapping\sewer_level_hourly_gangnam_2023_2025\2023-05-30하수수위60분현황.xlsx","C:\2026_Mareungil\data\서울특별시 강남구_하수관로 수위현황_20250908\2023-05-30하수수위60분현황.xlsx","20167","multiyear_candidate","mapping_and_unit_required","Address columns require mapping to UNQ_NO; negative values and one 19.63 spike","NTFS hardlink"
"reference\needs_mapping\sewer_level_hourly_gangnam_2023_2025\2023-05-31하수수위60분현황.xlsx","C:\2026_Mareungil\data\서울특별시 강남구_하수관로 수위현황_20250908\2023-05-31하수수위60분현황.xlsx","20157","multiyear_candidate","mapping_and_unit_required","Address columns require mapping to UNQ_NO; negative values and one 19.63 spike","NTFS hardlink"
"reference\needs_mapping\sewer_level_hourly_gangnam_2023_2025\2023-06-01하수수위60분현황.xlsx","C:\2026_Mareungil\data\서울특별시 강남구_하수관로 수위현황_20250908\2023-06-01하수수위60분현황.xlsx","20148","multiyear_candidate","mapping_and_unit_required","Address columns require mapping to UNQ_NO; negative values and one 19.63 spike","NTFS hardlink"
"reference\needs_mapping\sewer_level_hourly_gangnam_2023_2025\2023-06-02하수수위60분현황.xlsx","C:\2026_Mareungil\data\서울특별시 강남구_하수관로 수위현황_20250908\2023-06-02하수수위60분현황.xlsx","20157","multiyear_candidate","mapping_and_unit_required","Address columns require mapping to UNQ_NO; negative values and one 19.63 spike","NTFS hardlink"
"reference\needs_mapping\sewer_level_hourly_gangnam_2023_2025\2023-06-03하수수위60분현황.xlsx","C:\2026_Mareungil\data\서울특별시 강남구_하수관로 수위현황_20250908\2023-06-03하수수위60분현황.xlsx","20146","multiyear_candidate","mapping_and_unit_required","Address columns require mapping to UNQ_NO; negative values and one 19.63 spike","NTFS hardlink"
"reference\needs_mapping\sewer_level_hourly_gangnam_2023_2025\2023-06-04하수수위60분현황.xlsx","C:\2026_Mareungil\data\서울특별시 강남구_하수관로 수위현황_20250908\2023-06-04하수수위60분현황.xlsx","20156","multiyear_candidate","mapping_and_unit_required","Address columns require mapping to UNQ_NO; negative values and one 19.63 spike","NTFS hardlink"
"reference\needs_mapping\sewer_level_hourly_gangnam_2023_2025\2023-06-05하수수위60분현황.xlsx","C:\2026_Mareungil\data\서울특별시 강남구_하수관로 수위현황_20250908\2023-06-05하수수위60분현황.xlsx","20165","multiyear_candidate","mapping_and_unit_required","Address columns require mapping to UNQ_NO; negative values and one 19.63 spike","NTFS hardlink"
"reference\needs_mapping\sewer_level_hourly_gangnam_2023_2025\2023-06-06하수수위60분현황.xlsx","C:\2026_Mareungil\data\서울특별시 강남구_하수관로 수위현황_20250908\2023-06-06하수수위60분현황.xlsx","20211","multiyear_candidate","mapping_and_unit_required","Address columns require mapping to UNQ_NO; negative values and one 19.63 spike","NTFS hardlink"
"reference\needs_mapping\sewer_level_hourly_gangnam_2023_2025\2023-06-07하수수위60분현황.xlsx","C:\2026_Mareungil\data\서울특별시 강남구_하수관로 수위현황_20250908\2023-06-07하수수위60분현황.xlsx","20150","multiyear_candidate","mapping_and_unit_required","Address columns require mapping to UNQ_NO; negative values and one 19.63 spike","NTFS hardlink"
"reference\needs_mapping\sewer_level_hourly_gangnam_2023_2025\2023-06-08하수수위60분현황.xlsx","C:\2026_Mareungil\data\서울특별시 강남구_하수관로 수위현황_20250908\2023-06-08하수수위60분현황.xlsx","20212","multiyear_candidate","mapping_and_unit_required","Address columns require mapping to UNQ_NO; negative values and one 19.63 spike","NTFS hardlink"
"reference\needs_mapping\sewer_level_hourly_gangnam_2023_2025\2023-06-09하수수위60분현황.xlsx","C:\2026_Mareungil\data\서울특별시 강남구_하수관로 수위현황_20250908\2023-06-09하수수위60분현황.xlsx","20146","multiyear_candidate","mapping_and_unit_required","Address columns require mapping to UNQ_NO; negative values and one 19.63 spike","NTFS hardlink"
"reference\needs_mapping\sewer_level_hourly_gangnam_2023_2025\2023-06-10하수수위60분현황.xlsx","C:\2026_Mareungil\data\서울특별시 강남구_하수관로 수위현황_20250908\2023-06-10하수수위60분현황.xlsx","20172","multiyear_candidate","mapping_and_unit_required","Address columns require mapping to UNQ_NO; negative values and one 19.63 spike","NTFS hardlink"
"reference\needs_mapping\sewer_level_hourly_gangnam_2023_2025\2023-06-11하수수위60분현황.xlsx","C:\2026_Mareungil\data\서울특별시 강남구_하수관로 수위현황_20250908\2023-06-11하수수위60분현황.xlsx","20383","multiyear_candidate","mapping_and_unit_required","Address columns require mapping to UNQ_NO; negative values and one 19.63 spike","NTFS hardlink"
"reference\needs_mapping\sewer_level_hourly_gangnam_2023_2025\2023-06-12하수수위60분현황.xlsx","C:\2026_Mareungil\data\서울특별시 강남구_하수관로 수위현황_20250908\2023-06-12하수수위60분현황.xlsx","20090","multiyear_candidate","mapping_and_unit_required","Address columns require mapping to UNQ_NO; negative values and one 19.63 spike","NTFS hardlink"
"reference\needs_mapping\sewer_level_hourly_gangnam_2023_2025\2023-06-13하수수위60분현황.xlsx","C:\2026_Mareungil\data\서울특별시 강남구_하수관로 수위현황_20250908\2023-06-13하수수위60분현황.xlsx","20080","multiyear_candidate","mapping_and_unit_required","Address columns require mapping to UNQ_NO; negative values and one 19.63 spike","NTFS hardlink"
"reference\needs_mapping\sewer_level_hourly_gangnam_2023_2025\2023-06-14하수수위60분현황.xlsx","C:\2026_Mareungil\data\서울특별시 강남구_하수관로 수위현황_20250908\2023-06-14하수수위60분현황.xlsx","20120","multiyear_candidate","mapping_and_unit_required","Address columns require mapping to UNQ_NO; negative values and one 19.63 spike","NTFS hardlink"
"reference\needs_mapping\sewer_level_hourly_gangnam_2023_2025\2023-06-15하수수위60분현황.xlsx","C:\2026_Mareungil\data\서울특별시 강남구_하수관로 수위현황_20250908\2023-06-15하수수위60분현황.xlsx","20093","multiyear_candidate","mapping_and_unit_required","Address columns require mapping to UNQ_NO; negative values and one 19.63 spike","NTFS hardlink"
"reference\needs_mapping\sewer_level_hourly_gangnam_2023_2025\2023-06-16하수수위60분현황.xlsx","C:\2026_Mareungil\data\서울특별시 강남구_하수관로 수위현황_20250908\2023-06-16하수수위60분현황.xlsx","20092","multiyear_candidate","mapping_and_unit_required","Address columns require mapping to UNQ_NO; negative values and one 19.63 spike","NTFS hardlink"
"reference\needs_mapping\sewer_level_hourly_gangnam_2023_2025\2023-06-17하수수위60분현황.xlsx","C:\2026_Mareungil\data\서울특별시 강남구_하수관로 수위현황_20250908\2023-06-17하수수위60분현황.xlsx","20119","multiyear_candidate","mapping_and_unit_required","Address columns require mapping to UNQ_NO; negative values and one 19.63 spike","NTFS hardlink"
"reference\needs_mapping\sewer_level_hourly_gangnam_2023_2025\2023-06-18하수수위60분현황.xlsx","C:\2026_Mareungil\data\서울특별시 강남구_하수관로 수위현황_20250908\2023-06-18하수수위60분현황.xlsx","20102","multiyear_candidate","mapping_and_unit_required","Address columns require mapping to UNQ_NO; negative values and one 19.63 spike","NTFS hardlink"
"reference\needs_mapping\sewer_level_hourly_gangnam_2023_2025\2023-06-19하수수위60분현황.xlsx","C:\2026_Mareungil\data\서울특별시 강남구_하수관로 수위현황_20250908\2023-06-19하수수위60분현황.xlsx","20118","multiyear_candidate","mapping_and_unit_required","Address columns require mapping to UNQ_NO; negative values and one 19.63 spike","NTFS hardlink"
"reference\needs_mapping\sewer_level_hourly_gangnam_2023_2025\2023-06-20하수수위60분현황.xlsx","C:\2026_Mareungil\data\서울특별시 강남구_하수관로 수위현황_20250908\2023-06-20하수수위60분현황.xlsx","20206","multiyear_candidate","mapping_and_unit_required","Address columns require mapping to UNQ_NO; negative values and one 19.63 spike","NTFS hardlink"
"reference\needs_mapping\sewer_level_hourly_gangnam_2023_2025\2023-06-21하수수위60분현황.xlsx","C:\2026_Mareungil\data\서울특별시 강남구_하수관로 수위현황_20250908\2023-06-21하수수위60분현황.xlsx","20493","multiyear_candidate","mapping_and_unit_required","Address columns require mapping to UNQ_NO; negative values and one 19.63 spike","NTFS hardlink"
"reference\needs_mapping\sewer_level_hourly_gangnam_2023_2025\2023-06-22하수수위60분현황.xlsx","C:\2026_Mareungil\data\서울특별시 강남구_하수관로 수위현황_20250908\2023-06-22하수수위60분현황.xlsx","20243","multiyear_candidate","mapping_and_unit_required","Address columns require mapping to UNQ_NO; negative values and one 19.63 spike","NTFS hardlink"
"reference\needs_mapping\sewer_level_hourly_gangnam_2023_2025\2023-06-23하수수위60분현황.xlsx","C:\2026_Mareungil\data\서울특별시 강남구_하수관로 수위현황_20250908\2023-06-23하수수위60분현황.xlsx","20085","multiyear_candidate","mapping_and_unit_required","Address columns require mapping to UNQ_NO; negative values and one 19.63 spike","NTFS hardlink"
"reference\needs_mapping\sewer_level_hourly_gangnam_2023_2025\2023-06-24하수수위60분현황.xlsx","C:\2026_Mareungil\data\서울특별시 강남구_하수관로 수위현황_20250908\2023-06-24하수수위60분현황.xlsx","20002","multiyear_candidate","mapping_and_unit_required","Address columns require mapping to UNQ_NO; negative values and one 19.63 spike","NTFS hardlink"
"reference\needs_mapping\sewer_level_hourly_gangnam_2023_2025\2023-06-25하수수위60분현황.xlsx","C:\2026_Mareungil\data\서울특별시 강남구_하수관로 수위현황_20250908\2023-06-25하수수위60분현황.xlsx","20001","multiyear_candidate","mapping_and_unit_required","Address columns require mapping to UNQ_NO; negative values and one 19.63 spike","NTFS hardlink"
"reference\needs_mapping\sewer_level_hourly_gangnam_2023_2025\2023-06-26하수수위60분현황.xlsx","C:\2026_Mareungil\data\서울특별시 강남구_하수관로 수위현황_20250908\2023-06-26하수수위60분현황.xlsx","20588","multiyear_candidate","mapping_and_unit_required","Address columns require mapping to UNQ_NO; negative values and one 19.63 spike","NTFS hardlink"
"reference\needs_mapping\sewer_level_hourly_gangnam_2023_2025\2023-06-27하수수위60분현황.xlsx","C:\2026_Mareungil\data\서울특별시 강남구_하수관로 수위현황_20250908\2023-06-27하수수위60분현황.xlsx","20259","multiyear_candidate","mapping_and_unit_required","Address columns require mapping to UNQ_NO; negative values and one 19.63 spike","NTFS hardlink"
"reference\needs_mapping\sewer_level_hourly_gangnam_2023_2025\2023-06-28하수수위60분현황.xlsx","C:\2026_Mareungil\data\서울특별시 강남구_하수관로 수위현황_20250908\2023-06-28하수수위60분현황.xlsx","20046","multiyear_candidate","mapping_and_unit_required","Address columns require mapping to UNQ_NO; negative values and one 19.63 spike","NTFS hardlink"
"reference\needs_mapping\sewer_level_hourly_gangnam_2023_2025\2023-06-29하수수위60분현황.xlsx","C:\2026_Mareungil\data\서울특별시 강남구_하수관로 수위현황_20250908\2023-06-29하수수위60분현황.xlsx","20645","multiyear_candidate","mapping_and_unit_required","Address columns require mapping to UNQ_NO; negative values and one 19.63 spike","NTFS hardlink"
"reference\needs_mapping\sewer_level_hourly_gangnam_2023_2025\2023-06-30하수수위60분현황.xlsx","C:\2026_Mareungil\data\서울특별시 강남구_하수관로 수위현황_20250908\2023-06-30하수수위60분현황.xlsx","20096","multiyear_candidate","mapping_and_unit_required","Address columns require mapping to UNQ_NO; negative values and one 19.63 spike","NTFS hardlink"
"reference\needs_mapping\sewer_level_hourly_gangnam_2023_2025\2023-07-01하수수위60분현황.xlsx","C:\2026_Mareungil\data\서울특별시 강남구_하수관로 수위현황_20250908\2023-07-01하수수위60분현황.xlsx","20159","multiyear_candidate","mapping_and_unit_required","Address columns require mapping to UNQ_NO; negative values and one 19.63 spike","NTFS hardlink"
"reference\needs_mapping\sewer_level_hourly_gangnam_2023_2025\2023-07-02하수수위60분현황.xlsx","C:\2026_Mareungil\data\서울특별시 강남구_하수관로 수위현황_20250908\2023-07-02하수수위60분현황.xlsx","20206","multiyear_candidate","mapping_and_unit_required","Address columns require mapping to UNQ_NO; negative values and one 19.63 spike","NTFS hardlink"
"reference\needs_mapping\sewer_level_hourly_gangnam_2023_2025\2023-07-03하수수위60분현황.xlsx","C:\2026_Mareungil\data\서울특별시 강남구_하수관로 수위현황_20250908\2023-07-03하수수위60분현황.xlsx","20244","multiyear_candidate","mapping_and_unit_required","Address columns require mapping to UNQ_NO; negative values and one 19.63 spike","NTFS hardlink"
"reference\needs_mapping\sewer_level_hourly_gangnam_2023_2025\2023-07-04하수수위60분현황.xlsx","C:\2026_Mareungil\data\서울특별시 강남구_하수관로 수위현황_20250908\2023-07-04하수수위60분현황.xlsx","20621","multiyear_candidate","mapping_and_unit_required","Address columns require mapping to UNQ_NO; negative values and one 19.63 spike","NTFS hardlink"
"reference\needs_mapping\sewer_level_hourly_gangnam_2023_2025\2023-07-05하수수위60분현황.xlsx","C:\2026_Mareungil\data\서울특별시 강남구_하수관로 수위현황_20250908\2023-07-05하수수위60분현황.xlsx","20424","multiyear_candidate","mapping_and_unit_required","Address columns require mapping to UNQ_NO; negative values and one 19.63 spike","NTFS hardlink"
"reference\needs_mapping\sewer_level_hourly_gangnam_2023_2025\2023-07-06하수수위60분현황.xlsx","C:\2026_Mareungil\data\서울특별시 강남구_하수관로 수위현황_20250908\2023-07-06하수수위60분현황.xlsx","20195","multiyear_candidate","mapping_and_unit_required","Address columns require mapping to UNQ_NO; negative values and one 19.63 spike","NTFS hardlink"
"reference\needs_mapping\sewer_level_hourly_gangnam_2023_2025\2023-07-07하수수위60분현황.xlsx","C:\2026_Mareungil\data\서울특별시 강남구_하수관로 수위현황_20250908\2023-07-07하수수위60분현황.xlsx","20164","multiyear_candidate","mapping_and_unit_required","Address columns require mapping to UNQ_NO; negative values and one 19.63 spike","NTFS hardlink"
"reference\needs_mapping\sewer_level_hourly_gangnam_2023_2025\2023-07-08하수수위60분현황.xlsx","C:\2026_Mareungil\data\서울특별시 강남구_하수관로 수위현황_20250908\2023-07-08하수수위60분현황.xlsx","20207","multiyear_candidate","mapping_and_unit_required","Address columns require mapping to UNQ_NO; negative values and one 19.63 spike","NTFS hardlink"
"reference\needs_mapping\sewer_level_hourly_gangnam_2023_2025\2023-07-09하수수위60분현황.xlsx","C:\2026_Mareungil\data\서울특별시 강남구_하수관로 수위현황_20250908\2023-07-09하수수위60분현황.xlsx","20572","multiyear_candidate","mapping_and_unit_required","Address columns require mapping to UNQ_NO; negative values and one 19.63 spike","NTFS hardlink"
"reference\needs_mapping\sewer_level_hourly_gangnam_2023_2025\2023-07-10하수수위60분현황.xlsx","C:\2026_Mareungil\data\서울특별시 강남구_하수관로 수위현황_20250908\2023-07-10하수수위60분현황.xlsx","20395","multiyear_candidate","mapping_and_unit_required","Address columns require mapping to UNQ_NO; negative values and one 19.63 spike","NTFS hardlink"
"reference\needs_mapping\sewer_level_hourly_gangnam_2023_2025\2023-07-11하수수위60분현황.xlsx","C:\2026_Mareungil\data\서울특별시 강남구_하수관로 수위현황_20250908\2023-07-11하수수위60분현황.xlsx","20795","multiyear_candidate","mapping_and_unit_required","Address columns require mapping to UNQ_NO; negative values and one 19.63 spike","NTFS hardlink"
"reference\needs_mapping\sewer_level_hourly_gangnam_2023_2025\2023-07-12하수수위60분현황.xlsx","C:\2026_Mareungil\data\서울특별시 강남구_하수관로 수위현황_20250908\2023-07-12하수수위60분현황.xlsx","20223","multiyear_candidate","mapping_and_unit_required","Address columns require mapping to UNQ_NO; negative values and one 19.63 spike","NTFS hardlink"
"reference\needs_mapping\sewer_level_hourly_gangnam_2023_2025\2023-07-13하수수위60분현황.xlsx","C:\2026_Mareungil\data\서울특별시 강남구_하수관로 수위현황_20250908\2023-07-13하수수위60분현황.xlsx","20740","multiyear_candidate","mapping_and_unit_required","Address columns require mapping to UNQ_NO; negative values and one 19.63 spike","NTFS hardlink"
"reference\needs_mapping\sewer_level_hourly_gangnam_2023_2025\2023-07-14하수수위60분현황.xlsx","C:\2026_Mareungil\data\서울특별시 강남구_하수관로 수위현황_20250908\2023-07-14하수수위60분현황.xlsx","20789","multiyear_candidate","mapping_and_unit_required","Address columns require mapping to UNQ_NO; negative values and one 19.63 spike","NTFS hardlink"
"reference\needs_mapping\sewer_level_hourly_gangnam_2023_2025\2023-07-15하수수위60분현황.xlsx","C:\2026_Mareungil\data\서울특별시 강남구_하수관로 수위현황_20250908\2023-07-15하수수위60분현황.xlsx","20204","multiyear_candidate","mapping_and_unit_required","Address columns require mapping to UNQ_NO; negative values and one 19.63 spike","NTFS hardlink"
"reference\needs_mapping\sewer_level_hourly_gangnam_2023_2025\2023-07-16하수수위60분현황.xlsx","C:\2026_Mareungil\data\서울특별시 강남구_하수관로 수위현황_20250908\2023-07-16하수수위60분현황.xlsx","20311","multiyear_candidate","mapping_and_unit_required","Address columns require mapping to UNQ_NO; negative values and one 19.63 spike","NTFS hardlink"
"reference\needs_mapping\sewer_level_hourly_gangnam_2023_2025\2023-07-17하수수위60분현황.xlsx","C:\2026_Mareungil\data\서울특별시 강남구_하수관로 수위현황_20250908\2023-07-17하수수위60분현황.xlsx","20167","multiyear_candidate","mapping_and_unit_required","Address columns require mapping to UNQ_NO; negative values and one 19.63 spike","NTFS hardlink"
"reference\needs_mapping\sewer_level_hourly_gangnam_2023_2025\2023-07-18하수수위60분현황.xlsx","C:\2026_Mareungil\data\서울특별시 강남구_하수관로 수위현황_20250908\2023-07-18하수수위60분현황.xlsx","20492","multiyear_candidate","mapping_and_unit_required","Address columns require mapping to UNQ_NO; negative values and one 19.63 spike","NTFS hardlink"
"reference\needs_mapping\sewer_level_hourly_gangnam_2023_2025\2023-07-19하수수위60분현황.xlsx","C:\2026_Mareungil\data\서울특별시 강남구_하수관로 수위현황_20250908\2023-07-19하수수위60분현황.xlsx","20205","multiyear_candidate","mapping_and_unit_required","Address columns require mapping to UNQ_NO; negative values and one 19.63 spike","NTFS hardlink"
"reference\needs_mapping\sewer_level_hourly_gangnam_2023_2025\2023-07-20하수수위60분현황.xlsx","C:\2026_Mareungil\data\서울특별시 강남구_하수관로 수위현황_20250908\2023-07-20하수수위60분현황.xlsx","20186","multiyear_candidate","mapping_and_unit_required","Address columns require mapping to UNQ_NO; negative values and one 19.63 spike","NTFS hardlink"
"reference\needs_mapping\sewer_level_hourly_gangnam_2023_2025\2023-07-21하수수위60분현황.xlsx","C:\2026_Mareungil\data\서울특별시 강남구_하수관로 수위현황_20250908\2023-07-21하수수위60분현황.xlsx","20075","multiyear_candidate","mapping_and_unit_required","Address columns require mapping to UNQ_NO; negative values and one 19.63 spike","NTFS hardlink"
"reference\needs_mapping\sewer_level_hourly_gangnam_2023_2025\2023-07-22하수수위60분현황.xlsx","C:\2026_Mareungil\data\서울특별시 강남구_하수관로 수위현황_20250908\2023-07-22하수수위60분현황.xlsx","20244","multiyear_candidate","mapping_and_unit_required","Address columns require mapping to UNQ_NO; negative values and one 19.63 spike","NTFS hardlink"
"reference\needs_mapping\sewer_level_hourly_gangnam_2023_2025\2023-07-23하수수위60분현황.xlsx","C:\2026_Mareungil\data\서울특별시 강남구_하수관로 수위현황_20250908\2023-07-23하수수위60분현황.xlsx","20424","multiyear_candidate","mapping_and_unit_required","Address columns require mapping to UNQ_NO; negative values and one 19.63 spike","NTFS hardlink"
"reference\needs_mapping\sewer_level_hourly_gangnam_2023_2025\2023-07-24하수수위60분현황.xlsx","C:\2026_Mareungil\data\서울특별시 강남구_하수관로 수위현황_20250908\2023-07-24하수수위60분현황.xlsx","20144","multiyear_candidate","mapping_and_unit_required","Address columns require mapping to UNQ_NO; negative values and one 19.63 spike","NTFS hardlink"
"reference\needs_mapping\sewer_level_hourly_gangnam_2023_2025\2023-07-25하수수위60분현황.xlsx","C:\2026_Mareungil\data\서울특별시 강남구_하수관로 수위현황_20250908\2023-07-25하수수위60분현황.xlsx","20211","multiyear_candidate","mapping_and_unit_required","Address columns require mapping to UNQ_NO; negative values and one 19.63 spike","NTFS hardlink"
"reference\needs_mapping\sewer_level_hourly_gangnam_2023_2025\2023-07-26하수수위60분현황.xlsx","C:\2026_Mareungil\data\서울특별시 강남구_하수관로 수위현황_20250908\2023-07-26하수수위60분현황.xlsx","20267","multiyear_candidate","mapping_and_unit_required","Address columns require mapping to UNQ_NO; negative values and one 19.63 spike","NTFS hardlink"
"reference\needs_mapping\sewer_level_hourly_gangnam_2023_2025\2023-07-27하수수위60분현황.xlsx","C:\2026_Mareungil\data\서울특별시 강남구_하수관로 수위현황_20250908\2023-07-27하수수위60분현황.xlsx","20162","multiyear_candidate","mapping_and_unit_required","Address columns require mapping to UNQ_NO; negative values and one 19.63 spike","NTFS hardlink"
"reference\needs_mapping\sewer_level_hourly_gangnam_2023_2025\2023-07-28하수수위60분현황.xlsx","C:\2026_Mareungil\data\서울특별시 강남구_하수관로 수위현황_20250908\2023-07-28하수수위60분현황.xlsx","20049","multiyear_candidate","mapping_and_unit_required","Address columns require mapping to UNQ_NO; negative values and one 19.63 spike","NTFS hardlink"
"reference\needs_mapping\sewer_level_hourly_gangnam_2023_2025\2023-07-29하수수위60분현황.xlsx","C:\2026_Mareungil\data\서울특별시 강남구_하수관로 수위현황_20250908\2023-07-29하수수위60분현황.xlsx","20027","multiyear_candidate","mapping_and_unit_required","Address columns require mapping to UNQ_NO; negative values and one 19.63 spike","NTFS hardlink"
"reference\needs_mapping\sewer_level_hourly_gangnam_2023_2025\2023-07-30하수수위60분현황.xlsx","C:\2026_Mareungil\data\서울특별시 강남구_하수관로 수위현황_20250908\2023-07-30하수수위60분현황.xlsx","20038","multiyear_candidate","mapping_and_unit_required","Address columns require mapping to UNQ_NO; negative values and one 19.63 spike","NTFS hardlink"
"reference\needs_mapping\sewer_level_hourly_gangnam_2023_2025\2023-07-31하수수위60분현황.xlsx","C:\2026_Mareungil\data\서울특별시 강남구_하수관로 수위현황_20250908\2023-07-31하수수위60분현황.xlsx","20167","multiyear_candidate","mapping_and_unit_required","Address columns require mapping to UNQ_NO; negative values and one 19.63 spike","NTFS hardlink"
"reference\needs_mapping\sewer_level_hourly_gangnam_2023_2025\2023-08-01하수수위60분현황.xlsx","C:\2026_Mareungil\data\서울특별시 강남구_하수관로 수위현황_20250908\2023-08-01하수수위60분현황.xlsx","20056","multiyear_candidate","mapping_and_unit_required","Address columns require mapping to UNQ_NO; negative values and one 19.63 spike","NTFS hardlink"
"reference\needs_mapping\sewer_level_hourly_gangnam_2023_2025\2023-08-02하수수위60분현황.xlsx","C:\2026_Mareungil\data\서울특별시 강남구_하수관로 수위현황_20250908\2023-08-02하수수위60분현황.xlsx","20084","multiyear_candidate","mapping_and_unit_required","Address columns require mapping to UNQ_NO; negative values and one 19.63 spike","NTFS hardlink"
"reference\needs_mapping\sewer_level_hourly_gangnam_2023_2025\2023-08-03하수수위60분현황.xlsx","C:\2026_Mareungil\data\서울특별시 강남구_하수관로 수위현황_20250908\2023-08-03하수수위60분현황.xlsx","20085","multiyear_candidate","mapping_and_unit_required","Address columns require mapping to UNQ_NO; negative values and one 19.63 spike","NTFS hardlink"
"reference\needs_mapping\sewer_level_hourly_gangnam_2023_2025\2023-08-04하수수위60분현황.xlsx","C:\2026_Mareungil\data\서울특별시 강남구_하수관로 수위현황_20250908\2023-08-04하수수위60분현황.xlsx","20078","multiyear_candidate","mapping_and_unit_required","Address columns require mapping to UNQ_NO; negative values and one 19.63 spike","NTFS hardlink"
"reference\needs_mapping\sewer_level_hourly_gangnam_2023_2025\2023-08-05하수수위60분현황.xlsx","C:\2026_Mareungil\data\서울특별시 강남구_하수관로 수위현황_20250908\2023-08-05하수수위60분현황.xlsx","20043","multiyear_candidate","mapping_and_unit_required","Address columns require mapping to UNQ_NO; negative values and one 19.63 spike","NTFS hardlink"
"reference\needs_mapping\sewer_level_hourly_gangnam_2023_2025\2023-08-06하수수위60분현황.xlsx","C:\2026_Mareungil\data\서울특별시 강남구_하수관로 수위현황_20250908\2023-08-06하수수위60분현황.xlsx","20031","multiyear_candidate","mapping_and_unit_required","Address columns require mapping to UNQ_NO; negative values and one 19.63 spike","NTFS hardlink"
"reference\needs_mapping\sewer_level_hourly_gangnam_2023_2025\2023-08-07하수수위60분현황.xlsx","C:\2026_Mareungil\data\서울특별시 강남구_하수관로 수위현황_20250908\2023-08-07하수수위60분현황.xlsx","20051","multiyear_candidate","mapping_and_unit_required","Address columns require mapping to UNQ_NO; negative values and one 19.63 spike","NTFS hardlink"
"reference\needs_mapping\sewer_level_hourly_gangnam_2023_2025\2023-08-08하수수위60분현황.xlsx","C:\2026_Mareungil\data\서울특별시 강남구_하수관로 수위현황_20250908\2023-08-08하수수위60분현황.xlsx","20064","multiyear_candidate","mapping_and_unit_required","Address columns require mapping to UNQ_NO; negative values and one 19.63 spike","NTFS hardlink"
"reference\needs_mapping\sewer_level_hourly_gangnam_2023_2025\2023-08-09하수수위60분현황.xlsx","C:\2026_Mareungil\data\서울특별시 강남구_하수관로 수위현황_20250908\2023-08-09하수수위60분현황.xlsx","20069","multiyear_candidate","mapping_and_unit_required","Address columns require mapping to UNQ_NO; negative values and one 19.63 spike","NTFS hardlink"
"reference\needs_mapping\sewer_level_hourly_gangnam_2023_2025\2023-08-10하수수위60분현황.xlsx","C:\2026_Mareungil\data\서울특별시 강남구_하수관로 수위현황_20250908\2023-08-10하수수위60분현황.xlsx","20482","multiyear_candidate","mapping_and_unit_required","Address columns require mapping to UNQ_NO; negative values and one 19.63 spike","NTFS hardlink"
"reference\needs_mapping\sewer_level_hourly_gangnam_2023_2025\2023-08-11하수수위60분현황.xlsx","C:\2026_Mareungil\data\서울특별시 강남구_하수관로 수위현황_20250908\2023-08-11하수수위60분현황.xlsx","20431","multiyear_candidate","mapping_and_unit_required","Address columns require mapping to UNQ_NO; negative values and one 19.63 spike","NTFS hardlink"
"reference\needs_mapping\sewer_level_hourly_gangnam_2023_2025\2023-08-12하수수위60분현황.xlsx","C:\2026_Mareungil\data\서울특별시 강남구_하수관로 수위현황_20250908\2023-08-12하수수위60분현황.xlsx","20028","multiyear_candidate","mapping_and_unit_required","Address columns require mapping to UNQ_NO; negative values and one 19.63 spike","NTFS hardlink"
"reference\needs_mapping\sewer_level_hourly_gangnam_2023_2025\2023-08-13하수수위60분현황.xlsx","C:\2026_Mareungil\data\서울특별시 강남구_하수관로 수위현황_20250908\2023-08-13하수수위60분현황.xlsx","20001","multiyear_candidate","mapping_and_unit_required","Address columns require mapping to UNQ_NO; negative values and one 19.63 spike","NTFS hardlink"
"reference\needs_mapping\sewer_level_hourly_gangnam_2023_2025\2023-08-14하수수위60분현황.xlsx","C:\2026_Mareungil\data\서울특별시 강남구_하수관로 수위현황_20250908\2023-08-14하수수위60분현황.xlsx","20100","multiyear_candidate","mapping_and_unit_required","Address columns require mapping to UNQ_NO; negative values and one 19.63 spike","NTFS hardlink"
"reference\needs_mapping\sewer_level_hourly_gangnam_2023_2025\2023-08-15하수수위60분현황.xlsx","C:\2026_Mareungil\data\서울특별시 강남구_하수관로 수위현황_20250908\2023-08-15하수수위60분현황.xlsx","20083","multiyear_candidate","mapping_and_unit_required","Address columns require mapping to UNQ_NO; negative values and one 19.63 spike","NTFS hardlink"
"reference\needs_mapping\sewer_level_hourly_gangnam_2023_2025\2023-08-16하수수위60분현황.xlsx","C:\2026_Mareungil\data\서울특별시 강남구_하수관로 수위현황_20250908\2023-08-16하수수위60분현황.xlsx","20075","multiyear_candidate","mapping_and_unit_required","Address columns require mapping to UNQ_NO; negative values and one 19.63 spike","NTFS hardlink"
"reference\needs_mapping\sewer_level_hourly_gangnam_2023_2025\2023-08-17하수수위60분현황.xlsx","C:\2026_Mareungil\data\서울특별시 강남구_하수관로 수위현황_20250908\2023-08-17하수수위60분현황.xlsx","20042","multiyear_candidate","mapping_and_unit_required","Address columns require mapping to UNQ_NO; negative values and one 19.63 spike","NTFS hardlink"
"reference\needs_mapping\sewer_level_hourly_gangnam_2023_2025\2023-08-18하수수위60분현황.xlsx","C:\2026_Mareungil\data\서울특별시 강남구_하수관로 수위현황_20250908\2023-08-18하수수위60분현황.xlsx","20237","multiyear_candidate","mapping_and_unit_required","Address columns require mapping to UNQ_NO; negative values and one 19.63 spike","NTFS hardlink"
"reference\needs_mapping\sewer_level_hourly_gangnam_2023_2025\2023-08-19하수수위60분현황.xlsx","C:\2026_Mareungil\data\서울특별시 강남구_하수관로 수위현황_20250908\2023-08-19하수수위60분현황.xlsx","20035","multiyear_candidate","mapping_and_unit_required","Address columns require mapping to UNQ_NO; negative values and one 19.63 spike","NTFS hardlink"
"reference\needs_mapping\sewer_level_hourly_gangnam_2023_2025\2023-08-20하수수위60분현황.xlsx","C:\2026_Mareungil\data\서울특별시 강남구_하수관로 수위현황_20250908\2023-08-20하수수위60분현황.xlsx","20047","multiyear_candidate","mapping_and_unit_required","Address columns require mapping to UNQ_NO; negative values and one 19.63 spike","NTFS hardlink"
"reference\needs_mapping\sewer_level_hourly_gangnam_2023_2025\2023-08-21하수수위60분현황.xlsx","C:\2026_Mareungil\data\서울특별시 강남구_하수관로 수위현황_20250908\2023-08-21하수수위60분현황.xlsx","20011","multiyear_candidate","mapping_and_unit_required","Address columns require mapping to UNQ_NO; negative values and one 19.63 spike","NTFS hardlink"
"reference\needs_mapping\sewer_level_hourly_gangnam_2023_2025\2023-08-22하수수위60분현황.xlsx","C:\2026_Mareungil\data\서울특별시 강남구_하수관로 수위현황_20250908\2023-08-22하수수위60분현황.xlsx","20565","multiyear_candidate","mapping_and_unit_required","Address columns require mapping to UNQ_NO; negative values and one 19.63 spike","NTFS hardlink"
"reference\needs_mapping\sewer_level_hourly_gangnam_2023_2025\2023-08-23하수수위60분현황.xlsx","C:\2026_Mareungil\data\서울특별시 강남구_하수관로 수위현황_20250908\2023-08-23하수수위60분현황.xlsx","20566","multiyear_candidate","mapping_and_unit_required","Address columns require mapping to UNQ_NO; negative values and one 19.63 spike","NTFS hardlink"
"reference\needs_mapping\sewer_level_hourly_gangnam_2023_2025\2023-08-24하수수위60분현황.xlsx","C:\2026_Mareungil\data\서울특별시 강남구_하수관로 수위현황_20250908\2023-08-24하수수위60분현황.xlsx","20092","multiyear_candidate","mapping_and_unit_required","Address columns require mapping to UNQ_NO; negative values and one 19.63 spike","NTFS hardlink"
"reference\needs_mapping\sewer_level_hourly_gangnam_2023_2025\2023-08-25하수수위60분현황.xlsx","C:\2026_Mareungil\data\서울특별시 강남구_하수관로 수위현황_20250908\2023-08-25하수수위60분현황.xlsx","20226","multiyear_candidate","mapping_and_unit_required","Address columns require mapping to UNQ_NO; negative values and one 19.63 spike","NTFS hardlink"
"reference\needs_mapping\sewer_level_hourly_gangnam_2023_2025\2023-08-26하수수위60분현황.xlsx","C:\2026_Mareungil\data\서울특별시 강남구_하수관로 수위현황_20250908\2023-08-26하수수위60분현황.xlsx","20042","multiyear_candidate","mapping_and_unit_required","Address columns require mapping to UNQ_NO; negative values and one 19.63 spike","NTFS hardlink"
"reference\needs_mapping\sewer_level_hourly_gangnam_2023_2025\2023-08-27하수수위60분현황.xlsx","C:\2026_Mareungil\data\서울특별시 강남구_하수관로 수위현황_20250908\2023-08-27하수수위60분현황.xlsx","20009","multiyear_candidate","mapping_and_unit_required","Address columns require mapping to UNQ_NO; negative values and one 19.63 spike","NTFS hardlink"
"reference\needs_mapping\sewer_level_hourly_gangnam_2023_2025\2023-08-28하수수위60분현황.xlsx","C:\2026_Mareungil\data\서울특별시 강남구_하수관로 수위현황_20250908\2023-08-28하수수위60분현황.xlsx","20419","multiyear_candidate","mapping_and_unit_required","Address columns require mapping to UNQ_NO; negative values and one 19.63 spike","NTFS hardlink"
"reference\needs_mapping\sewer_level_hourly_gangnam_2023_2025\2023-08-29하수수위60분현황.xlsx","C:\2026_Mareungil\data\서울특별시 강남구_하수관로 수위현황_20250908\2023-08-29하수수위60분현황.xlsx","20464","multiyear_candidate","mapping_and_unit_required","Address columns require mapping to UNQ_NO; negative values and one 19.63 spike","NTFS hardlink"
"reference\needs_mapping\sewer_level_hourly_gangnam_2023_2025\2023-08-30하수수위60분현황.xlsx","C:\2026_Mareungil\data\서울특별시 강남구_하수관로 수위현황_20250908\2023-08-30하수수위60분현황.xlsx","20291","multiyear_candidate","mapping_and_unit_required","Address columns require mapping to UNQ_NO; negative values and one 19.63 spike","NTFS hardlink"
"reference\needs_mapping\sewer_level_hourly_gangnam_2023_2025\2023-08-31하수수위60분현황.xlsx","C:\2026_Mareungil\data\서울특별시 강남구_하수관로 수위현황_20250908\2023-08-31하수수위60분현황.xlsx","20044","multiyear_candidate","mapping_and_unit_required","Address columns require mapping to UNQ_NO; negative values and one 19.63 spike","NTFS hardlink"
"reference\needs_mapping\sewer_level_hourly_gangnam_2023_2025\2023-09-01하수수위60분현황.xlsx","C:\2026_Mareungil\data\서울특별시 강남구_하수관로 수위현황_20250908\2023-09-01하수수위60분현황.xlsx","20033","multiyear_candidate","mapping_and_unit_required","Address columns require mapping to UNQ_NO; negative values and one 19.63 spike","NTFS hardlink"
"reference\needs_mapping\sewer_level_hourly_gangnam_2023_2025\2023-09-02하수수위60분현황.xlsx","C:\2026_Mareungil\data\서울특별시 강남구_하수관로 수위현황_20250908\2023-09-02하수수위60분현황.xlsx","20012","multiyear_candidate","mapping_and_unit_required","Address columns require mapping to UNQ_NO; negative values and one 19.63 spike","NTFS hardlink"
"reference\needs_mapping\sewer_level_hourly_gangnam_2023_2025\2023-09-03하수수위60분현황.xlsx","C:\2026_Mareungil\data\서울특별시 강남구_하수관로 수위현황_20250908\2023-09-03하수수위60분현황.xlsx","20150","multiyear_candidate","mapping_and_unit_required","Address columns require mapping to UNQ_NO; negative values and one 19.63 spike","NTFS hardlink"
"reference\needs_mapping\sewer_level_hourly_gangnam_2023_2025\2023-09-04하수수위60분현황.xlsx","C:\2026_Mareungil\data\서울특별시 강남구_하수관로 수위현황_20250908\2023-09-04하수수위60분현황.xlsx","20069","multiyear_candidate","mapping_and_unit_required","Address columns require mapping to UNQ_NO; negative values and one 19.63 spike","NTFS hardlink"
"reference\needs_mapping\sewer_level_hourly_gangnam_2023_2025\2023-09-05하수수위60분현황.xlsx","C:\2026_Mareungil\data\서울특별시 강남구_하수관로 수위현황_20250908\2023-09-05하수수위60분현황.xlsx","20229","multiyear_candidate","mapping_and_unit_required","Address columns require mapping to UNQ_NO; negative values and one 19.63 spike","NTFS hardlink"
"reference\needs_mapping\sewer_level_hourly_gangnam_2023_2025\2023-09-06하수수위60분현황.xlsx","C:\2026_Mareungil\data\서울특별시 강남구_하수관로 수위현황_20250908\2023-09-06하수수위60분현황.xlsx","20080","multiyear_candidate","mapping_and_unit_required","Address columns require mapping to UNQ_NO; negative values and one 19.63 spike","NTFS hardlink"
"reference\needs_mapping\sewer_level_hourly_gangnam_2023_2025\2023-09-07하수수위60분현황.xlsx","C:\2026_Mareungil\data\서울특별시 강남구_하수관로 수위현황_20250908\2023-09-07하수수위60분현황.xlsx","20063","multiyear_candidate","mapping_and_unit_required","Address columns require mapping to UNQ_NO; negative values and one 19.63 spike","NTFS hardlink"
"reference\needs_mapping\sewer_level_hourly_gangnam_2023_2025\2023-09-08하수수위60분현황.xlsx","C:\2026_Mareungil\data\서울특별시 강남구_하수관로 수위현황_20250908\2023-09-08하수수위60분현황.xlsx","20064","multiyear_candidate","mapping_and_unit_required","Address columns require mapping to UNQ_NO; negative values and one 19.63 spike","NTFS hardlink"
"reference\needs_mapping\sewer_level_hourly_gangnam_2023_2025\2023-09-09하수수위60분현황.xlsx","C:\2026_Mareungil\data\서울특별시 강남구_하수관로 수위현황_20250908\2023-09-09하수수위60분현황.xlsx","19995","multiyear_candidate","mapping_and_unit_required","Address columns require mapping to UNQ_NO; negative values and one 19.63 spike","NTFS hardlink"
"reference\needs_mapping\sewer_level_hourly_gangnam_2023_2025\2023-09-10하수수위60분현황.xlsx","C:\2026_Mareungil\data\서울특별시 강남구_하수관로 수위현황_20250908\2023-09-10하수수위60분현황.xlsx","20022","multiyear_candidate","mapping_and_unit_required","Address columns require mapping to UNQ_NO; negative values and one 19.63 spike","NTFS hardlink"
"reference\needs_mapping\sewer_level_hourly_gangnam_2023_2025\2023-09-11하수수위60분현황.xlsx","C:\2026_Mareungil\data\서울특별시 강남구_하수관로 수위현황_20250908\2023-09-11하수수위60분현황.xlsx","20076","multiyear_candidate","mapping_and_unit_required","Address columns require mapping to UNQ_NO; negative values and one 19.63 spike","NTFS hardlink"
"reference\needs_mapping\sewer_level_hourly_gangnam_2023_2025\2023-09-12하수수위60분현황.xlsx","C:\2026_Mareungil\data\서울특별시 강남구_하수관로 수위현황_20250908\2023-09-12하수수위60분현황.xlsx","20081","multiyear_candidate","mapping_and_unit_required","Address columns require mapping to UNQ_NO; negative values and one 19.63 spike","NTFS hardlink"
"reference\needs_mapping\sewer_level_hourly_gangnam_2023_2025\2023-09-13하수수위60분현황.xlsx","C:\2026_Mareungil\data\서울특별시 강남구_하수관로 수위현황_20250908\2023-09-13하수수위60분현황.xlsx","20472","multiyear_candidate","mapping_and_unit_required","Address columns require mapping to UNQ_NO; negative values and one 19.63 spike","NTFS hardlink"
"reference\needs_mapping\sewer_level_hourly_gangnam_2023_2025\2023-09-14하수수위60분현황.xlsx","C:\2026_Mareungil\data\서울특별시 강남구_하수관로 수위현황_20250908\2023-09-14하수수위60분현황.xlsx","19991","multiyear_candidate","mapping_and_unit_required","Address columns require mapping to UNQ_NO; negative values and one 19.63 spike","NTFS hardlink"
"reference\needs_mapping\sewer_level_hourly_gangnam_2023_2025\2023-09-15하수수위60분현황.xlsx","C:\2026_Mareungil\data\서울특별시 강남구_하수관로 수위현황_20250908\2023-09-15하수수위60분현황.xlsx","20170","multiyear_candidate","mapping_and_unit_required","Address columns require mapping to UNQ_NO; negative values and one 19.63 spike","NTFS hardlink"
"reference\needs_mapping\sewer_level_hourly_gangnam_2023_2025\2023-09-16하수수위60분현황.xlsx","C:\2026_Mareungil\data\서울특별시 강남구_하수관로 수위현황_20250908\2023-09-16하수수위60분현황.xlsx","20277","multiyear_candidate","mapping_and_unit_required","Address columns require mapping to UNQ_NO; negative values and one 19.63 spike","NTFS hardlink"
"reference\needs_mapping\sewer_level_hourly_gangnam_2023_2025\2023-09-17하수수위60분현황.xlsx","C:\2026_Mareungil\data\서울특별시 강남구_하수관로 수위현황_20250908\2023-09-17하수수위60분현황.xlsx","20110","multiyear_candidate","mapping_and_unit_required","Address columns require mapping to UNQ_NO; negative values and one 19.63 spike","NTFS hardlink"
"reference\needs_mapping\sewer_level_hourly_gangnam_2023_2025\2023-09-18하수수위60분현황.xlsx","C:\2026_Mareungil\data\서울특별시 강남구_하수관로 수위현황_20250908\2023-09-18하수수위60분현황.xlsx","20031","multiyear_candidate","mapping_and_unit_required","Address columns require mapping to UNQ_NO; negative values and one 19.63 spike","NTFS hardlink"
"reference\needs_mapping\sewer_level_hourly_gangnam_2023_2025\2023-09-19하수수위60분현황.xlsx","C:\2026_Mareungil\data\서울특별시 강남구_하수관로 수위현황_20250908\2023-09-19하수수위60분현황.xlsx","20070","multiyear_candidate","mapping_and_unit_required","Address columns require mapping to UNQ_NO; negative values and one 19.63 spike","NTFS hardlink"
"reference\needs_mapping\sewer_level_hourly_gangnam_2023_2025\2023-09-20하수수위60분현황.xlsx","C:\2026_Mareungil\data\서울특별시 강남구_하수관로 수위현황_20250908\2023-09-20하수수위60분현황.xlsx","20505","multiyear_candidate","mapping_and_unit_required","Address columns require mapping to UNQ_NO; negative values and one 19.63 spike","NTFS hardlink"
"reference\needs_mapping\sewer_level_hourly_gangnam_2023_2025\2023-09-21하수수위60분현황.xlsx","C:\2026_Mareungil\data\서울특별시 강남구_하수관로 수위현황_20250908\2023-09-21하수수위60분현황.xlsx","20084","multiyear_candidate","mapping_and_unit_required","Address columns require mapping to UNQ_NO; negative values and one 19.63 spike","NTFS hardlink"
"reference\needs_mapping\sewer_level_hourly_gangnam_2023_2025\2023-09-22하수수위60분현황.xlsx","C:\2026_Mareungil\data\서울특별시 강남구_하수관로 수위현황_20250908\2023-09-22하수수위60분현황.xlsx","20040","multiyear_candidate","mapping_and_unit_required","Address columns require mapping to UNQ_NO; negative values and one 19.63 spike","NTFS hardlink"
"reference\needs_mapping\sewer_level_hourly_gangnam_2023_2025\2023-09-23하수수위60분현황.xlsx","C:\2026_Mareungil\data\서울특별시 강남구_하수관로 수위현황_20250908\2023-09-23하수수위60분현황.xlsx","19986","multiyear_candidate","mapping_and_unit_required","Address columns require mapping to UNQ_NO; negative values and one 19.63 spike","NTFS hardlink"
"reference\needs_mapping\sewer_level_hourly_gangnam_2023_2025\2023-09-24하수수위60분현황.xlsx","C:\2026_Mareungil\data\서울특별시 강남구_하수관로 수위현황_20250908\2023-09-24하수수위60분현황.xlsx","19938","multiyear_candidate","mapping_and_unit_required","Address columns require mapping to UNQ_NO; negative values and one 19.63 spike","NTFS hardlink"
"reference\needs_mapping\sewer_level_hourly_gangnam_2023_2025\2023-09-25하수수위60분현황.xlsx","C:\2026_Mareungil\data\서울특별시 강남구_하수관로 수위현황_20250908\2023-09-25하수수위60분현황.xlsx","20075","multiyear_candidate","mapping_and_unit_required","Address columns require mapping to UNQ_NO; negative values and one 19.63 spike","NTFS hardlink"
"reference\needs_mapping\sewer_level_hourly_gangnam_2023_2025\2023-09-26하수수위60분현황.xlsx","C:\2026_Mareungil\data\서울특별시 강남구_하수관로 수위현황_20250908\2023-09-26하수수위60분현황.xlsx","20408","multiyear_candidate","mapping_and_unit_required","Address columns require mapping to UNQ_NO; negative values and one 19.63 spike","NTFS hardlink"
"reference\needs_mapping\sewer_level_hourly_gangnam_2023_2025\2023-09-27하수수위60분현황.xlsx","C:\2026_Mareungil\data\서울특별시 강남구_하수관로 수위현황_20250908\2023-09-27하수수위60분현황.xlsx","20295","multiyear_candidate","mapping_and_unit_required","Address columns require mapping to UNQ_NO; negative values and one 19.63 spike","NTFS hardlink"
"reference\needs_mapping\sewer_level_hourly_gangnam_2023_2025\2023-09-28하수수위60분현황.xlsx","C:\2026_Mareungil\data\서울특별시 강남구_하수관로 수위현황_20250908\2023-09-28하수수위60분현황.xlsx","20051","multiyear_candidate","mapping_and_unit_required","Address columns require mapping to UNQ_NO; negative values and one 19.63 spike","NTFS hardlink"
"reference\needs_mapping\sewer_level_hourly_gangnam_2023_2025\2023-09-29하수수위60분현황.xlsx","C:\2026_Mareungil\data\서울특별시 강남구_하수관로 수위현황_20250908\2023-09-29하수수위60분현황.xlsx","19931","multiyear_candidate","mapping_and_unit_required","Address columns require mapping to UNQ_NO; negative values and one 19.63 spike","NTFS hardlink"
"reference\needs_mapping\sewer_level_hourly_gangnam_2023_2025\2023-09-30하수수위60분현황.xlsx","C:\2026_Mareungil\data\서울특별시 강남구_하수관로 수위현황_20250908\2023-09-30하수수위60분현황.xlsx","20092","multiyear_candidate","mapping_and_unit_required","Address columns require mapping to UNQ_NO; negative values and one 19.63 spike","NTFS hardlink"
"reference\needs_mapping\sewer_level_hourly_gangnam_2023_2025\2023-10-01하수수위60분현황.xlsx","C:\2026_Mareungil\data\서울특별시 강남구_하수관로 수위현황_20250908\2023-10-01하수수위60분현황.xlsx","19976","multiyear_candidate","mapping_and_unit_required","Address columns require mapping to UNQ_NO; negative values and one 19.63 spike","NTFS hardlink"
"reference\needs_mapping\sewer_level_hourly_gangnam_2023_2025\2023-10-02하수수위60분현황.xlsx","C:\2026_Mareungil\data\서울특별시 강남구_하수관로 수위현황_20250908\2023-10-02하수수위60분현황.xlsx","19994","multiyear_candidate","mapping_and_unit_required","Address columns require mapping to UNQ_NO; negative values and one 19.63 spike","NTFS hardlink"
"reference\needs_mapping\sewer_level_hourly_gangnam_2023_2025\2023-10-03하수수위60분현황.xlsx","C:\2026_Mareungil\data\서울특별시 강남구_하수관로 수위현황_20250908\2023-10-03하수수위60분현황.xlsx","19974","multiyear_candidate","mapping_and_unit_required","Address columns require mapping to UNQ_NO; negative values and one 19.63 spike","NTFS hardlink"
"reference\needs_mapping\sewer_level_hourly_gangnam_2023_2025\2023-10-04하수수위60분현황.xlsx","C:\2026_Mareungil\data\서울특별시 강남구_하수관로 수위현황_20250908\2023-10-04하수수위60분현황.xlsx","20321","multiyear_candidate","mapping_and_unit_required","Address columns require mapping to UNQ_NO; negative values and one 19.63 spike","NTFS hardlink"
"reference\needs_mapping\sewer_level_hourly_gangnam_2023_2025\2023-10-05하수수위60분현황.xlsx","C:\2026_Mareungil\data\서울특별시 강남구_하수관로 수위현황_20250908\2023-10-05하수수위60분현황.xlsx","20034","multiyear_candidate","mapping_and_unit_required","Address columns require mapping to UNQ_NO; negative values and one 19.63 spike","NTFS hardlink"
"reference\needs_mapping\sewer_level_hourly_gangnam_2023_2025\2023-10-06하수수위60분현황.xlsx","C:\2026_Mareungil\data\서울특별시 강남구_하수관로 수위현황_20250908\2023-10-06하수수위60분현황.xlsx","20005","multiyear_candidate","mapping_and_unit_required","Address columns require mapping to UNQ_NO; negative values and one 19.63 spike","NTFS hardlink"
"reference\needs_mapping\sewer_level_hourly_gangnam_2023_2025\2023-10-07하수수위60분현황.xlsx","C:\2026_Mareungil\data\서울특별시 강남구_하수관로 수위현황_20250908\2023-10-07하수수위60분현황.xlsx","19999","multiyear_candidate","mapping_and_unit_required","Address columns require mapping to UNQ_NO; negative values and one 19.63 spike","NTFS hardlink"
"reference\needs_mapping\sewer_level_hourly_gangnam_2023_2025\2023-10-08하수수위60분현황.xlsx","C:\2026_Mareungil\data\서울특별시 강남구_하수관로 수위현황_20250908\2023-10-08하수수위60분현황.xlsx","19955","multiyear_candidate","mapping_and_unit_required","Address columns require mapping to UNQ_NO; negative values and one 19.63 spike","NTFS hardlink"
"reference\needs_mapping\sewer_level_hourly_gangnam_2023_2025\2023-10-09하수수위60분현황.xlsx","C:\2026_Mareungil\data\서울특별시 강남구_하수관로 수위현황_20250908\2023-10-09하수수위60분현황.xlsx","19988","multiyear_candidate","mapping_and_unit_required","Address columns require mapping to UNQ_NO; negative values and one 19.63 spike","NTFS hardlink"
"reference\needs_mapping\sewer_level_hourly_gangnam_2023_2025\2023-10-10하수수위60분현황.xlsx","C:\2026_Mareungil\data\서울특별시 강남구_하수관로 수위현황_20250908\2023-10-10하수수위60분현황.xlsx","20006","multiyear_candidate","mapping_and_unit_required","Address columns require mapping to UNQ_NO; negative values and one 19.63 spike","NTFS hardlink"
"reference\needs_mapping\sewer_level_hourly_gangnam_2023_2025\2023-10-11하수수위60분현황.xlsx","C:\2026_Mareungil\data\서울특별시 강남구_하수관로 수위현황_20250908\2023-10-11하수수위60분현황.xlsx","19914","multiyear_candidate","mapping_and_unit_required","Address columns require mapping to UNQ_NO; negative values and one 19.63 spike","NTFS hardlink"
"reference\needs_mapping\sewer_level_hourly_gangnam_2023_2025\2023-10-12하수수위60분현황.xlsx","C:\2026_Mareungil\data\서울특별시 강남구_하수관로 수위현황_20250908\2023-10-12하수수위60분현황.xlsx","19779","multiyear_candidate","mapping_and_unit_required","Address columns require mapping to UNQ_NO; negative values and one 19.63 spike","NTFS hardlink"
"reference\needs_mapping\sewer_level_hourly_gangnam_2023_2025\2023-10-13하수수위60분현황.xlsx","C:\2026_Mareungil\data\서울특별시 강남구_하수관로 수위현황_20250908\2023-10-13하수수위60분현황.xlsx","18967","multiyear_candidate","mapping_and_unit_required","Address columns require mapping to UNQ_NO; negative values and one 19.63 spike","NTFS hardlink"
"reference\needs_mapping\sewer_level_hourly_gangnam_2023_2025\2023-10-14하수수위60분현황.xlsx","C:\2026_Mareungil\data\서울특별시 강남구_하수관로 수위현황_20250908\2023-10-14하수수위60분현황.xlsx","18757","multiyear_candidate","mapping_and_unit_required","Address columns require mapping to UNQ_NO; negative values and one 19.63 spike","NTFS hardlink"
"reference\needs_mapping\sewer_level_hourly_gangnam_2023_2025\2023-10-15하수수위60분현황.xlsx","C:\2026_Mareungil\data\서울특별시 강남구_하수관로 수위현황_20250908\2023-10-15하수수위60분현황.xlsx","18755","multiyear_candidate","mapping_and_unit_required","Address columns require mapping to UNQ_NO; negative values and one 19.63 spike","NTFS hardlink"
"reference\needs_mapping\sewer_level_hourly_gangnam_2023_2025\2023-10-16하수수위60분현황.xlsx","C:\2026_Mareungil\data\서울특별시 강남구_하수관로 수위현황_20250908\2023-10-16하수수위60분현황.xlsx","18759","multiyear_candidate","mapping_and_unit_required","Address columns require mapping to UNQ_NO; negative values and one 19.63 spike","NTFS hardlink"
"reference\needs_mapping\sewer_level_hourly_gangnam_2023_2025\2023-10-17하수수위60분현황.xlsx","C:\2026_Mareungil\data\서울특별시 강남구_하수관로 수위현황_20250908\2023-10-17하수수위60분현황.xlsx","18757","multiyear_candidate","mapping_and_unit_required","Address columns require mapping to UNQ_NO; negative values and one 19.63 spike","NTFS hardlink"
"reference\needs_mapping\sewer_level_hourly_gangnam_2023_2025\2023-10-18하수수위60분현황.xlsx","C:\2026_Mareungil\data\서울특별시 강남구_하수관로 수위현황_20250908\2023-10-18하수수위60분현황.xlsx","19579","multiyear_candidate","mapping_and_unit_required","Address columns require mapping to UNQ_NO; negative values and one 19.63 spike","NTFS hardlink"
"reference\needs_mapping\sewer_level_hourly_gangnam_2023_2025\2023-10-19하수수위60분현황.xlsx","C:\2026_Mareungil\data\서울특별시 강남구_하수관로 수위현황_20250908\2023-10-19하수수위60분현황.xlsx","20312","multiyear_candidate","mapping_and_unit_required","Address columns require mapping to UNQ_NO; negative values and one 19.63 spike","NTFS hardlink"
"reference\needs_mapping\sewer_level_hourly_gangnam_2023_2025\2023-10-20하수수위60분현황.xlsx","C:\2026_Mareungil\data\서울특별시 강남구_하수관로 수위현황_20250908\2023-10-20하수수위60분현황.xlsx","20177","multiyear_candidate","mapping_and_unit_required","Address columns require mapping to UNQ_NO; negative values and one 19.63 spike","NTFS hardlink"
"reference\needs_mapping\sewer_level_hourly_gangnam_2023_2025\2023-10-21하수수위60분현황.xlsx","C:\2026_Mareungil\data\서울특별시 강남구_하수관로 수위현황_20250908\2023-10-21하수수위60분현황.xlsx","20184","multiyear_candidate","mapping_and_unit_required","Address columns require mapping to UNQ_NO; negative values and one 19.63 spike","NTFS hardlink"
"reference\needs_mapping\sewer_level_hourly_gangnam_2023_2025\2023-10-22하수수위60분현황.xlsx","C:\2026_Mareungil\data\서울특별시 강남구_하수관로 수위현황_20250908\2023-10-22하수수위60분현황.xlsx","20061","multiyear_candidate","mapping_and_unit_required","Address columns require mapping to UNQ_NO; negative values and one 19.63 spike","NTFS hardlink"
"reference\needs_mapping\sewer_level_hourly_gangnam_2023_2025\2023-10-23하수수위60분현황.xlsx","C:\2026_Mareungil\data\서울특별시 강남구_하수관로 수위현황_20250908\2023-10-23하수수위60분현황.xlsx","20022","multiyear_candidate","mapping_and_unit_required","Address columns require mapping to UNQ_NO; negative values and one 19.63 spike","NTFS hardlink"
"reference\needs_mapping\sewer_level_hourly_gangnam_2023_2025\2023-10-24하수수위60분현황.xlsx","C:\2026_Mareungil\data\서울특별시 강남구_하수관로 수위현황_20250908\2023-10-24하수수위60분현황.xlsx","20016","multiyear_candidate","mapping_and_unit_required","Address columns require mapping to UNQ_NO; negative values and one 19.63 spike","NTFS hardlink"
"reference\needs_mapping\sewer_level_hourly_gangnam_2023_2025\2023-10-25하수수위60분현황.xlsx","C:\2026_Mareungil\data\서울특별시 강남구_하수관로 수위현황_20250908\2023-10-25하수수위60분현황.xlsx","20081","multiyear_candidate","mapping_and_unit_required","Address columns require mapping to UNQ_NO; negative values and one 19.63 spike","NTFS hardlink"
"reference\needs_mapping\sewer_level_hourly_gangnam_2023_2025\2023-10-26하수수위60분현황.xlsx","C:\2026_Mareungil\data\서울특별시 강남구_하수관로 수위현황_20250908\2023-10-26하수수위60분현황.xlsx","20136","multiyear_candidate","mapping_and_unit_required","Address columns require mapping to UNQ_NO; negative values and one 19.63 spike","NTFS hardlink"
"reference\needs_mapping\sewer_level_hourly_gangnam_2023_2025\2023-10-27하수수위60분현황.xlsx","C:\2026_Mareungil\data\서울특별시 강남구_하수관로 수위현황_20250908\2023-10-27하수수위60분현황.xlsx","20068","multiyear_candidate","mapping_and_unit_required","Address columns require mapping to UNQ_NO; negative values and one 19.63 spike","NTFS hardlink"
"reference\needs_mapping\sewer_level_hourly_gangnam_2023_2025\2023-10-28하수수위60분현황.xlsx","C:\2026_Mareungil\data\서울특별시 강남구_하수관로 수위현황_20250908\2023-10-28하수수위60분현황.xlsx","20006","multiyear_candidate","mapping_and_unit_required","Address columns require mapping to UNQ_NO; negative values and one 19.63 spike","NTFS hardlink"
"reference\needs_mapping\sewer_level_hourly_gangnam_2023_2025\2023-10-29하수수위60분현황.xlsx","C:\2026_Mareungil\data\서울특별시 강남구_하수관로 수위현황_20250908\2023-10-29하수수위60분현황.xlsx","19738","multiyear_candidate","mapping_and_unit_required","Address columns require mapping to UNQ_NO; negative values and one 19.63 spike","NTFS hardlink"
"reference\needs_mapping\sewer_level_hourly_gangnam_2023_2025\2023-10-30하수수위60분현황.xlsx","C:\2026_Mareungil\data\서울특별시 강남구_하수관로 수위현황_20250908\2023-10-30하수수위60분현황.xlsx","19772","multiyear_candidate","mapping_and_unit_required","Address columns require mapping to UNQ_NO; negative values and one 19.63 spike","NTFS hardlink"
"reference\needs_mapping\sewer_level_hourly_gangnam_2023_2025\2023-10-31하수수위60분현황.xlsx","C:\2026_Mareungil\data\서울특별시 강남구_하수관로 수위현황_20250908\2023-10-31하수수위60분현황.xlsx","20108","multiyear_candidate","mapping_and_unit_required","Address columns require mapping to UNQ_NO; negative values and one 19.63 spike","NTFS hardlink"
"reference\needs_mapping\sewer_level_hourly_gangnam_2023_2025\2023-11-01하수수위60분현황.xlsx","C:\2026_Mareungil\data\서울특별시 강남구_하수관로 수위현황_20250908\2023-11-01하수수위60분현황.xlsx","20077","multiyear_candidate","mapping_and_unit_required","Address columns require mapping to UNQ_NO; negative values and one 19.63 spike","NTFS hardlink"
"reference\needs_mapping\sewer_level_hourly_gangnam_2023_2025\2023-11-02하수수위60분현황.xlsx","C:\2026_Mareungil\data\서울특별시 강남구_하수관로 수위현황_20250908\2023-11-02하수수위60분현황.xlsx","20102","multiyear_candidate","mapping_and_unit_required","Address columns require mapping to UNQ_NO; negative values and one 19.63 spike","NTFS hardlink"
"reference\needs_mapping\sewer_level_hourly_gangnam_2023_2025\2023-11-03하수수위60분현황.xlsx","C:\2026_Mareungil\data\서울특별시 강남구_하수관로 수위현황_20250908\2023-11-03하수수위60분현황.xlsx","20041","multiyear_candidate","mapping_and_unit_required","Address columns require mapping to UNQ_NO; negative values and one 19.63 spike","NTFS hardlink"
"reference\needs_mapping\sewer_level_hourly_gangnam_2023_2025\2023-11-04하수수위60분현황.xlsx","C:\2026_Mareungil\data\서울특별시 강남구_하수관로 수위현황_20250908\2023-11-04하수수위60분현황.xlsx","20044","multiyear_candidate","mapping_and_unit_required","Address columns require mapping to UNQ_NO; negative values and one 19.63 spike","NTFS hardlink"
"reference\needs_mapping\sewer_level_hourly_gangnam_2023_2025\2023-11-05하수수위60분현황.xlsx","C:\2026_Mareungil\data\서울특별시 강남구_하수관로 수위현황_20250908\2023-11-05하수수위60분현황.xlsx","20350","multiyear_candidate","mapping_and_unit_required","Address columns require mapping to UNQ_NO; negative values and one 19.63 spike","NTFS hardlink"
"reference\needs_mapping\sewer_level_hourly_gangnam_2023_2025\2023-11-06하수수위60분현황.xlsx","C:\2026_Mareungil\data\서울특별시 강남구_하수관로 수위현황_20250908\2023-11-06하수수위60분현황.xlsx","20650","multiyear_candidate","mapping_and_unit_required","Address columns require mapping to UNQ_NO; negative values and one 19.63 spike","NTFS hardlink"
"reference\needs_mapping\sewer_level_hourly_gangnam_2023_2025\2023-11-07하수수위60분현황.xlsx","C:\2026_Mareungil\data\서울특별시 강남구_하수관로 수위현황_20250908\2023-11-07하수수위60분현황.xlsx","20164","multiyear_candidate","mapping_and_unit_required","Address columns require mapping to UNQ_NO; negative values and one 19.63 spike","NTFS hardlink"
"reference\needs_mapping\sewer_level_hourly_gangnam_2023_2025\2023-11-08하수수위60분현황.xlsx","C:\2026_Mareungil\data\서울특별시 강남구_하수관로 수위현황_20250908\2023-11-08하수수위60분현황.xlsx","20066","multiyear_candidate","mapping_and_unit_required","Address columns require mapping to UNQ_NO; negative values and one 19.63 spike","NTFS hardlink"
"reference\needs_mapping\sewer_level_hourly_gangnam_2023_2025\2023-11-09하수수위60분현황.xlsx","C:\2026_Mareungil\data\서울특별시 강남구_하수관로 수위현황_20250908\2023-11-09하수수위60분현황.xlsx","20140","multiyear_candidate","mapping_and_unit_required","Address columns require mapping to UNQ_NO; negative values and one 19.63 spike","NTFS hardlink"
"reference\needs_mapping\sewer_level_hourly_gangnam_2023_2025\2023-11-10하수수위60분현황.xlsx","C:\2026_Mareungil\data\서울특별시 강남구_하수관로 수위현황_20250908\2023-11-10하수수위60분현황.xlsx","20002","multiyear_candidate","mapping_and_unit_required","Address columns require mapping to UNQ_NO; negative values and one 19.63 spike","NTFS hardlink"
"reference\needs_mapping\sewer_level_hourly_gangnam_2023_2025\2023-11-11하수수위60분현황.xlsx","C:\2026_Mareungil\data\서울특별시 강남구_하수관로 수위현황_20250908\2023-11-11하수수위60분현황.xlsx","20041","multiyear_candidate","mapping_and_unit_required","Address columns require mapping to UNQ_NO; negative values and one 19.63 spike","NTFS hardlink"
"reference\needs_mapping\sewer_level_hourly_gangnam_2023_2025\2023-11-12하수수위60분현황.xlsx","C:\2026_Mareungil\data\서울특별시 강남구_하수관로 수위현황_20250908\2023-11-12하수수위60분현황.xlsx","19973","multiyear_candidate","mapping_and_unit_required","Address columns require mapping to UNQ_NO; negative values and one 19.63 spike","NTFS hardlink"
"reference\needs_mapping\sewer_level_hourly_gangnam_2023_2025\2023-11-13하수수위60분현황.xlsx","C:\2026_Mareungil\data\서울특별시 강남구_하수관로 수위현황_20250908\2023-11-13하수수위60분현황.xlsx","20002","multiyear_candidate","mapping_and_unit_required","Address columns require mapping to UNQ_NO; negative values and one 19.63 spike","NTFS hardlink"
"reference\needs_mapping\sewer_level_hourly_gangnam_2023_2025\2023-11-14하수수위60분현황.xlsx","C:\2026_Mareungil\data\서울특별시 강남구_하수관로 수위현황_20250908\2023-11-14하수수위60분현황.xlsx","20010","multiyear_candidate","mapping_and_unit_required","Address columns require mapping to UNQ_NO; negative values and one 19.63 spike","NTFS hardlink"
"reference\needs_mapping\sewer_level_hourly_gangnam_2023_2025\2023-11-15하수수위60분현황.xlsx","C:\2026_Mareungil\data\서울특별시 강남구_하수관로 수위현황_20250908\2023-11-15하수수위60분현황.xlsx","20050","multiyear_candidate","mapping_and_unit_required","Address columns require mapping to UNQ_NO; negative values and one 19.63 spike","NTFS hardlink"
"reference\needs_mapping\sewer_level_hourly_gangnam_2023_2025\2023-11-16하수수위60분현황.xlsx","C:\2026_Mareungil\data\서울특별시 강남구_하수관로 수위현황_20250908\2023-11-16하수수위60분현황.xlsx","19228","multiyear_candidate","mapping_and_unit_required","Address columns require mapping to UNQ_NO; negative values and one 19.63 spike","NTFS hardlink"
"reference\needs_mapping\sewer_level_hourly_gangnam_2023_2025\2023-11-17하수수위60분현황.xlsx","C:\2026_Mareungil\data\서울특별시 강남구_하수관로 수위현황_20250908\2023-11-17하수수위60분현황.xlsx","18758","multiyear_candidate","mapping_and_unit_required","Address columns require mapping to UNQ_NO; negative values and one 19.63 spike","NTFS hardlink"
"reference\needs_mapping\sewer_level_hourly_gangnam_2023_2025\2023-11-18하수수위60분현황.xlsx","C:\2026_Mareungil\data\서울특별시 강남구_하수관로 수위현황_20250908\2023-11-18하수수위60분현황.xlsx","18759","multiyear_candidate","mapping_and_unit_required","Address columns require mapping to UNQ_NO; negative values and one 19.63 spike","NTFS hardlink"
"reference\needs_mapping\sewer_level_hourly_gangnam_2023_2025\2023-11-19하수수위60분현황.xlsx","C:\2026_Mareungil\data\서울특별시 강남구_하수관로 수위현황_20250908\2023-11-19하수수위60분현황.xlsx","18758","multiyear_candidate","mapping_and_unit_required","Address columns require mapping to UNQ_NO; negative values and one 19.63 spike","NTFS hardlink"
"reference\needs_mapping\sewer_level_hourly_gangnam_2023_2025\2023-11-20하수수위60분현황.xlsx","C:\2026_Mareungil\data\서울특별시 강남구_하수관로 수위현황_20250908\2023-11-20하수수위60분현황.xlsx","18756","multiyear_candidate","mapping_and_unit_required","Address columns require mapping to UNQ_NO; negative values and one 19.63 spike","NTFS hardlink"
"reference\needs_mapping\sewer_level_hourly_gangnam_2023_2025\2023-11-21하수수위60분현황.xlsx","C:\2026_Mareungil\data\서울특별시 강남구_하수관로 수위현황_20250908\2023-11-21하수수위60분현황.xlsx","19506","multiyear_candidate","mapping_and_unit_required","Address columns require mapping to UNQ_NO; negative values and one 19.63 spike","NTFS hardlink"
"reference\needs_mapping\sewer_level_hourly_gangnam_2023_2025\2023-11-22하수수위60분현황.xlsx","C:\2026_Mareungil\data\서울특별시 강남구_하수관로 수위현황_20250908\2023-11-22하수수위60분현황.xlsx","20054","multiyear_candidate","mapping_and_unit_required","Address columns require mapping to UNQ_NO; negative values and one 19.63 spike","NTFS hardlink"
"reference\needs_mapping\sewer_level_hourly_gangnam_2023_2025\2023-11-23하수수위60분현황.xlsx","C:\2026_Mareungil\data\서울특별시 강남구_하수관로 수위현황_20250908\2023-11-23하수수위60분현황.xlsx","20066","multiyear_candidate","mapping_and_unit_required","Address columns require mapping to UNQ_NO; negative values and one 19.63 spike","NTFS hardlink"
"reference\needs_mapping\sewer_level_hourly_gangnam_2023_2025\2023-11-24하수수위60분현황.xlsx","C:\2026_Mareungil\data\서울특별시 강남구_하수관로 수위현황_20250908\2023-11-24하수수위60분현황.xlsx","20043","multiyear_candidate","mapping_and_unit_required","Address columns require mapping to UNQ_NO; negative values and one 19.63 spike","NTFS hardlink"
"reference\needs_mapping\sewer_level_hourly_gangnam_2023_2025\2023-11-25하수수위60분현황.xlsx","C:\2026_Mareungil\data\서울특별시 강남구_하수관로 수위현황_20250908\2023-11-25하수수위60분현황.xlsx","19951","multiyear_candidate","mapping_and_unit_required","Address columns require mapping to UNQ_NO; negative values and one 19.63 spike","NTFS hardlink"
"reference\needs_mapping\sewer_level_hourly_gangnam_2023_2025\2023-11-26하수수위60분현황.xlsx","C:\2026_Mareungil\data\서울특별시 강남구_하수관로 수위현황_20250908\2023-11-26하수수위60분현황.xlsx","19947","multiyear_candidate","mapping_and_unit_required","Address columns require mapping to UNQ_NO; negative values and one 19.63 spike","NTFS hardlink"
"reference\needs_mapping\sewer_level_hourly_gangnam_2023_2025\2023-11-27하수수위60분현황.xlsx","C:\2026_Mareungil\data\서울특별시 강남구_하수관로 수위현황_20250908\2023-11-27하수수위60분현황.xlsx","20009","multiyear_candidate","mapping_and_unit_required","Address columns require mapping to UNQ_NO; negative values and one 19.63 spike","NTFS hardlink"
"reference\needs_mapping\sewer_level_hourly_gangnam_2023_2025\2023-11-28하수수위60분현황.xlsx","C:\2026_Mareungil\data\서울특별시 강남구_하수관로 수위현황_20250908\2023-11-28하수수위60분현황.xlsx","19982","multiyear_candidate","mapping_and_unit_required","Address columns require mapping to UNQ_NO; negative values and one 19.63 spike","NTFS hardlink"
"reference\needs_mapping\sewer_level_hourly_gangnam_2023_2025\2023-11-29하수수위60분현황.xlsx","C:\2026_Mareungil\data\서울특별시 강남구_하수관로 수위현황_20250908\2023-11-29하수수위60분현황.xlsx","19979","multiyear_candidate","mapping_and_unit_required","Address columns require mapping to UNQ_NO; negative values and one 19.63 spike","NTFS hardlink"
"reference\needs_mapping\sewer_level_hourly_gangnam_2023_2025\2023-11-30하수수위60분현황.xlsx","C:\2026_Mareungil\data\서울특별시 강남구_하수관로 수위현황_20250908\2023-11-30하수수위60분현황.xlsx","19964","multiyear_candidate","mapping_and_unit_required","Address columns require mapping to UNQ_NO; negative values and one 19.63 spike","NTFS hardlink"
"reference\needs_mapping\sewer_level_hourly_gangnam_2023_2025\2023-12-01하수수위60분현황.xlsx","C:\2026_Mareungil\data\서울특별시 강남구_하수관로 수위현황_20250908\2023-12-01하수수위60분현황.xlsx","20016","multiyear_candidate","mapping_and_unit_required","Address columns require mapping to UNQ_NO; negative values and one 19.63 spike","NTFS hardlink"
"reference\needs_mapping\sewer_level_hourly_gangnam_2023_2025\2023-12-02하수수위60분현황.xlsx","C:\2026_Mareungil\data\서울특별시 강남구_하수관로 수위현황_20250908\2023-12-02하수수위60분현황.xlsx","19934","multiyear_candidate","mapping_and_unit_required","Address columns require mapping to UNQ_NO; negative values and one 19.63 spike","NTFS hardlink"
"reference\needs_mapping\sewer_level_hourly_gangnam_2023_2025\2023-12-03하수수위60분현황.xlsx","C:\2026_Mareungil\data\서울특별시 강남구_하수관로 수위현황_20250908\2023-12-03하수수위60분현황.xlsx","19943","multiyear_candidate","mapping_and_unit_required","Address columns require mapping to UNQ_NO; negative values and one 19.63 spike","NTFS hardlink"
"reference\needs_mapping\sewer_level_hourly_gangnam_2023_2025\2023-12-04하수수위60분현황.xlsx","C:\2026_Mareungil\data\서울특별시 강남구_하수관로 수위현황_20250908\2023-12-04하수수위60분현황.xlsx","19975","multiyear_candidate","mapping_and_unit_required","Address columns require mapping to UNQ_NO; negative values and one 19.63 spike","NTFS hardlink"
"reference\needs_mapping\sewer_level_hourly_gangnam_2023_2025\2023-12-05하수수위60분현황.xlsx","C:\2026_Mareungil\data\서울특별시 강남구_하수관로 수위현황_20250908\2023-12-05하수수위60분현황.xlsx","19945","multiyear_candidate","mapping_and_unit_required","Address columns require mapping to UNQ_NO; negative values and one 19.63 spike","NTFS hardlink"
"reference\needs_mapping\sewer_level_hourly_gangnam_2023_2025\2023-12-06하수수위60분현황.xlsx","C:\2026_Mareungil\data\서울특별시 강남구_하수관로 수위현황_20250908\2023-12-06하수수위60분현황.xlsx","20044","multiyear_candidate","mapping_and_unit_required","Address columns require mapping to UNQ_NO; negative values and one 19.63 spike","NTFS hardlink"
"reference\needs_mapping\sewer_level_hourly_gangnam_2023_2025\2023-12-07하수수위60분현황.xlsx","C:\2026_Mareungil\data\서울특별시 강남구_하수관로 수위현황_20250908\2023-12-07하수수위60분현황.xlsx","20023","multiyear_candidate","mapping_and_unit_required","Address columns require mapping to UNQ_NO; negative values and one 19.63 spike","NTFS hardlink"
"reference\needs_mapping\sewer_level_hourly_gangnam_2023_2025\2023-12-08하수수위60분현황.xlsx","C:\2026_Mareungil\data\서울특별시 강남구_하수관로 수위현황_20250908\2023-12-08하수수위60분현황.xlsx","20001","multiyear_candidate","mapping_and_unit_required","Address columns require mapping to UNQ_NO; negative values and one 19.63 spike","NTFS hardlink"
"reference\needs_mapping\sewer_level_hourly_gangnam_2023_2025\2023-12-09하수수위60분현황.xlsx","C:\2026_Mareungil\data\서울특별시 강남구_하수관로 수위현황_20250908\2023-12-09하수수위60분현황.xlsx","20024","multiyear_candidate","mapping_and_unit_required","Address columns require mapping to UNQ_NO; negative values and one 19.63 spike","NTFS hardlink"
"reference\needs_mapping\sewer_level_hourly_gangnam_2023_2025\2023-12-10하수수위60분현황.xlsx","C:\2026_Mareungil\data\서울특별시 강남구_하수관로 수위현황_20250908\2023-12-10하수수위60분현황.xlsx","20001","multiyear_candidate","mapping_and_unit_required","Address columns require mapping to UNQ_NO; negative values and one 19.63 spike","NTFS hardlink"
"reference\needs_mapping\sewer_level_hourly_gangnam_2023_2025\2023-12-11하수수위60분현황.xlsx","C:\2026_Mareungil\data\서울특별시 강남구_하수관로 수위현황_20250908\2023-12-11하수수위60분현황.xlsx","20255","multiyear_candidate","mapping_and_unit_required","Address columns require mapping to UNQ_NO; negative values and one 19.63 spike","NTFS hardlink"
"reference\needs_mapping\sewer_level_hourly_gangnam_2023_2025\2023-12-12하수수위60분현황.xlsx","C:\2026_Mareungil\data\서울특별시 강남구_하수관로 수위현황_20250908\2023-12-12하수수위60분현황.xlsx","20043","multiyear_candidate","mapping_and_unit_required","Address columns require mapping to UNQ_NO; negative values and one 19.63 spike","NTFS hardlink"
"reference\needs_mapping\sewer_level_hourly_gangnam_2023_2025\2023-12-13하수수위60분현황.xlsx","C:\2026_Mareungil\data\서울특별시 강남구_하수관로 수위현황_20250908\2023-12-13하수수위60분현황.xlsx","20051","multiyear_candidate","mapping_and_unit_required","Address columns require mapping to UNQ_NO; negative values and one 19.63 spike","NTFS hardlink"
"reference\needs_mapping\sewer_level_hourly_gangnam_2023_2025\2023-12-14하수수위60분현황.xlsx","C:\2026_Mareungil\data\서울특별시 강남구_하수관로 수위현황_20250908\2023-12-14하수수위60분현황.xlsx","19961","multiyear_candidate","mapping_and_unit_required","Address columns require mapping to UNQ_NO; negative values and one 19.63 spike","NTFS hardlink"
"reference\needs_mapping\sewer_level_hourly_gangnam_2023_2025\2023-12-15하수수위60분현황.xlsx","C:\2026_Mareungil\data\서울특별시 강남구_하수관로 수위현황_20250908\2023-12-15하수수위60분현황.xlsx","18762","multiyear_candidate","mapping_and_unit_required","Address columns require mapping to UNQ_NO; negative values and one 19.63 spike","NTFS hardlink"
"reference\needs_mapping\sewer_level_hourly_gangnam_2023_2025\2023-12-16하수수위60분현황.xlsx","C:\2026_Mareungil\data\서울특별시 강남구_하수관로 수위현황_20250908\2023-12-16하수수위60분현황.xlsx","18758","multiyear_candidate","mapping_and_unit_required","Address columns require mapping to UNQ_NO; negative values and one 19.63 spike","NTFS hardlink"
"reference\needs_mapping\sewer_level_hourly_gangnam_2023_2025\2023-12-17하수수위60분현황.xlsx","C:\2026_Mareungil\data\서울특별시 강남구_하수관로 수위현황_20250908\2023-12-17하수수위60분현황.xlsx","18756","multiyear_candidate","mapping_and_unit_required","Address columns require mapping to UNQ_NO; negative values and one 19.63 spike","NTFS hardlink"
"reference\needs_mapping\sewer_level_hourly_gangnam_2023_2025\2023-12-18하수수위60분현황.xlsx","C:\2026_Mareungil\data\서울특별시 강남구_하수관로 수위현황_20250908\2023-12-18하수수위60분현황.xlsx","18763","multiyear_candidate","mapping_and_unit_required","Address columns require mapping to UNQ_NO; negative values and one 19.63 spike","NTFS hardlink"
"reference\needs_mapping\sewer_level_hourly_gangnam_2023_2025\2023-12-19하수수위60분현황.xlsx","C:\2026_Mareungil\data\서울특별시 강남구_하수관로 수위현황_20250908\2023-12-19하수수위60분현황.xlsx","18759","multiyear_candidate","mapping_and_unit_required","Address columns require mapping to UNQ_NO; negative values and one 19.63 spike","NTFS hardlink"
"reference\needs_mapping\sewer_level_hourly_gangnam_2023_2025\2023-12-20하수수위60분현황.xlsx","C:\2026_Mareungil\data\서울특별시 강남구_하수관로 수위현황_20250908\2023-12-20하수수위60분현황.xlsx","18757","multiyear_candidate","mapping_and_unit_required","Address columns require mapping to UNQ_NO; negative values and one 19.63 spike","NTFS hardlink"
"reference\needs_mapping\sewer_level_hourly_gangnam_2023_2025\2023-12-21하수수위60분현황.xlsx","C:\2026_Mareungil\data\서울특별시 강남구_하수관로 수위현황_20250908\2023-12-21하수수위60분현황.xlsx","18756","multiyear_candidate","mapping_and_unit_required","Address columns require mapping to UNQ_NO; negative values and one 19.63 spike","NTFS hardlink"
"reference\needs_mapping\sewer_level_hourly_gangnam_2023_2025\2023-12-22하수수위60분현황.xlsx","C:\2026_Mareungil\data\서울특별시 강남구_하수관로 수위현황_20250908\2023-12-22하수수위60분현황.xlsx","18759","multiyear_candidate","mapping_and_unit_required","Address columns require mapping to UNQ_NO; negative values and one 19.63 spike","NTFS hardlink"
"reference\needs_mapping\sewer_level_hourly_gangnam_2023_2025\2023-12-23하수수위60분현황.xlsx","C:\2026_Mareungil\data\서울특별시 강남구_하수관로 수위현황_20250908\2023-12-23하수수위60분현황.xlsx","18755","multiyear_candidate","mapping_and_unit_required","Address columns require mapping to UNQ_NO; negative values and one 19.63 spike","NTFS hardlink"
"reference\needs_mapping\sewer_level_hourly_gangnam_2023_2025\2023-12-24하수수위60분현황.xlsx","C:\2026_Mareungil\data\서울특별시 강남구_하수관로 수위현황_20250908\2023-12-24하수수위60분현황.xlsx","18754","multiyear_candidate","mapping_and_unit_required","Address columns require mapping to UNQ_NO; negative values and one 19.63 spike","NTFS hardlink"
"reference\needs_mapping\sewer_level_hourly_gangnam_2023_2025\2023-12-25하수수위60분현황.xlsx","C:\2026_Mareungil\data\서울특별시 강남구_하수관로 수위현황_20250908\2023-12-25하수수위60분현황.xlsx","18761","multiyear_candidate","mapping_and_unit_required","Address columns require mapping to UNQ_NO; negative values and one 19.63 spike","NTFS hardlink"
"reference\needs_mapping\sewer_level_hourly_gangnam_2023_2025\2023-12-26하수수위60분현황.xlsx","C:\2026_Mareungil\data\서울특별시 강남구_하수관로 수위현황_20250908\2023-12-26하수수위60분현황.xlsx","18757","multiyear_candidate","mapping_and_unit_required","Address columns require mapping to UNQ_NO; negative values and one 19.63 spike","NTFS hardlink"
"reference\needs_mapping\sewer_level_hourly_gangnam_2023_2025\2023-12-27하수수위60분현황.xlsx","C:\2026_Mareungil\data\서울특별시 강남구_하수관로 수위현황_20250908\2023-12-27하수수위60분현황.xlsx","19684","multiyear_candidate","mapping_and_unit_required","Address columns require mapping to UNQ_NO; negative values and one 19.63 spike","NTFS hardlink"
"reference\needs_mapping\sewer_level_hourly_gangnam_2023_2025\2023-12-28하수수위60분현황.xlsx","C:\2026_Mareungil\data\서울특별시 강남구_하수관로 수위현황_20250908\2023-12-28하수수위60분현황.xlsx","20058","multiyear_candidate","mapping_and_unit_required","Address columns require mapping to UNQ_NO; negative values and one 19.63 spike","NTFS hardlink"
"reference\needs_mapping\sewer_level_hourly_gangnam_2023_2025\2023-12-29하수수위60분현황.xlsx","C:\2026_Mareungil\data\서울특별시 강남구_하수관로 수위현황_20250908\2023-12-29하수수위60분현황.xlsx","19977","multiyear_candidate","mapping_and_unit_required","Address columns require mapping to UNQ_NO; negative values and one 19.63 spike","NTFS hardlink"
"reference\needs_mapping\sewer_level_hourly_gangnam_2023_2025\2023-12-30하수수위60분현황.xlsx","C:\2026_Mareungil\data\서울특별시 강남구_하수관로 수위현황_20250908\2023-12-30하수수위60분현황.xlsx","20081","multiyear_candidate","mapping_and_unit_required","Address columns require mapping to UNQ_NO; negative values and one 19.63 spike","NTFS hardlink"
"reference\needs_mapping\sewer_level_hourly_gangnam_2023_2025\2023-12-31하수수위60분현황.xlsx","C:\2026_Mareungil\data\서울특별시 강남구_하수관로 수위현황_20250908\2023-12-31하수수위60분현황.xlsx","20284","multiyear_candidate","mapping_and_unit_required","Address columns require mapping to UNQ_NO; negative values and one 19.63 spike","NTFS hardlink"
"reference\needs_mapping\sewer_level_hourly_gangnam_2023_2025\2024-01-01하수수위60분현황.xlsx","C:\2026_Mareungil\data\서울특별시 강남구_하수관로 수위현황_20250908\2024-01-01하수수위60분현황.xlsx","19936","multiyear_candidate","mapping_and_unit_required","Address columns require mapping to UNQ_NO; negative values and one 19.63 spike","NTFS hardlink"
"reference\needs_mapping\sewer_level_hourly_gangnam_2023_2025\2024-01-02하수수위60분현황.xlsx","C:\2026_Mareungil\data\서울특별시 강남구_하수관로 수위현황_20250908\2024-01-02하수수위60분현황.xlsx","19992","multiyear_candidate","mapping_and_unit_required","Address columns require mapping to UNQ_NO; negative values and one 19.63 spike","NTFS hardlink"
"reference\needs_mapping\sewer_level_hourly_gangnam_2023_2025\2024-01-03하수수위60분현황.xlsx","C:\2026_Mareungil\data\서울특별시 강남구_하수관로 수위현황_20250908\2024-01-03하수수위60분현황.xlsx","20011","multiyear_candidate","mapping_and_unit_required","Address columns require mapping to UNQ_NO; negative values and one 19.63 spike","NTFS hardlink"
"reference\needs_mapping\sewer_level_hourly_gangnam_2023_2025\2024-01-04하수수위60분현황.xlsx","C:\2026_Mareungil\data\서울특별시 강남구_하수관로 수위현황_20250908\2024-01-04하수수위60분현황.xlsx","20009","multiyear_candidate","mapping_and_unit_required","Address columns require mapping to UNQ_NO; negative values and one 19.63 spike","NTFS hardlink"
"reference\needs_mapping\sewer_level_hourly_gangnam_2023_2025\2024-01-05하수수위60분현황.xlsx","C:\2026_Mareungil\data\서울특별시 강남구_하수관로 수위현황_20250908\2024-01-05하수수위60분현황.xlsx","20009","multiyear_candidate","mapping_and_unit_required","Address columns require mapping to UNQ_NO; negative values and one 19.63 spike","NTFS hardlink"
"reference\needs_mapping\sewer_level_hourly_gangnam_2023_2025\2024-01-06하수수위60분현황.xlsx","C:\2026_Mareungil\data\서울특별시 강남구_하수관로 수위현황_20250908\2024-01-06하수수위60분현황.xlsx","20010","multiyear_candidate","mapping_and_unit_required","Address columns require mapping to UNQ_NO; negative values and one 19.63 spike","NTFS hardlink"
"reference\needs_mapping\sewer_level_hourly_gangnam_2023_2025\2024-01-07하수수위60분현황.xlsx","C:\2026_Mareungil\data\서울특별시 강남구_하수관로 수위현황_20250908\2024-01-07하수수위60분현황.xlsx","19937","multiyear_candidate","mapping_and_unit_required","Address columns require mapping to UNQ_NO; negative values and one 19.63 spike","NTFS hardlink"
"reference\needs_mapping\sewer_level_hourly_gangnam_2023_2025\2024-01-08하수수위60분현황.xlsx","C:\2026_Mareungil\data\서울특별시 강남구_하수관로 수위현황_20250908\2024-01-08하수수위60분현황.xlsx","19930","multiyear_candidate","mapping_and_unit_required","Address columns require mapping to UNQ_NO; negative values and one 19.63 spike","NTFS hardlink"
"reference\needs_mapping\sewer_level_hourly_gangnam_2023_2025\2024-01-09하수수위60분현황.xlsx","C:\2026_Mareungil\data\서울특별시 강남구_하수관로 수위현황_20250908\2024-01-09하수수위60분현황.xlsx","20059","multiyear_candidate","mapping_and_unit_required","Address columns require mapping to UNQ_NO; negative values and one 19.63 spike","NTFS hardlink"
"reference\needs_mapping\sewer_level_hourly_gangnam_2023_2025\2024-01-10하수수위60분현황.xlsx","C:\2026_Mareungil\data\서울특별시 강남구_하수관로 수위현황_20250908\2024-01-10하수수위60분현황.xlsx","19999","multiyear_candidate","mapping_and_unit_required","Address columns require mapping to UNQ_NO; negative values and one 19.63 spike","NTFS hardlink"
"reference\needs_mapping\sewer_level_hourly_gangnam_2023_2025\2024-01-11하수수위60분현황.xlsx","C:\2026_Mareungil\data\서울특별시 강남구_하수관로 수위현황_20250908\2024-01-11하수수위60분현황.xlsx","19943","multiyear_candidate","mapping_and_unit_required","Address columns require mapping to UNQ_NO; negative values and one 19.63 spike","NTFS hardlink"
"reference\needs_mapping\sewer_level_hourly_gangnam_2023_2025\2024-01-12하수수위60분현황.xlsx","C:\2026_Mareungil\data\서울특별시 강남구_하수관로 수위현황_20250908\2024-01-12하수수위60분현황.xlsx","19993","multiyear_candidate","mapping_and_unit_required","Address columns require mapping to UNQ_NO; negative values and one 19.63 spike","NTFS hardlink"
"reference\needs_mapping\sewer_level_hourly_gangnam_2023_2025\2024-01-13하수수위60분현황.xlsx","C:\2026_Mareungil\data\서울특별시 강남구_하수관로 수위현황_20250908\2024-01-13하수수위60분현황.xlsx","19938","multiyear_candidate","mapping_and_unit_required","Address columns require mapping to UNQ_NO; negative values and one 19.63 spike","NTFS hardlink"
"reference\needs_mapping\sewer_level_hourly_gangnam_2023_2025\2024-01-14하수수위60분현황.xlsx","C:\2026_Mareungil\data\서울특별시 강남구_하수관로 수위현황_20250908\2024-01-14하수수위60분현황.xlsx","20109","multiyear_candidate","mapping_and_unit_required","Address columns require mapping to UNQ_NO; negative values and one 19.63 spike","NTFS hardlink"
"reference\needs_mapping\sewer_level_hourly_gangnam_2023_2025\2024-01-15하수수위60분현황.xlsx","C:\2026_Mareungil\data\서울특별시 강남구_하수관로 수위현황_20250908\2024-01-15하수수위60분현황.xlsx","19932","multiyear_candidate","mapping_and_unit_required","Address columns require mapping to UNQ_NO; negative values and one 19.63 spike","NTFS hardlink"
"reference\needs_mapping\sewer_level_hourly_gangnam_2023_2025\2024-01-16하수수위60분현황.xlsx","C:\2026_Mareungil\data\서울특별시 강남구_하수관로 수위현황_20250908\2024-01-16하수수위60분현황.xlsx","19962","multiyear_candidate","mapping_and_unit_required","Address columns require mapping to UNQ_NO; negative values and one 19.63 spike","NTFS hardlink"
"reference\needs_mapping\sewer_level_hourly_gangnam_2023_2025\2024-01-17하수수위60분현황.xlsx","C:\2026_Mareungil\data\서울특별시 강남구_하수관로 수위현황_20250908\2024-01-17하수수위60분현황.xlsx","20203","multiyear_candidate","mapping_and_unit_required","Address columns require mapping to UNQ_NO; negative values and one 19.63 spike","NTFS hardlink"
"reference\needs_mapping\sewer_level_hourly_gangnam_2023_2025\2024-01-18하수수위60분현황.xlsx","C:\2026_Mareungil\data\서울특별시 강남구_하수관로 수위현황_20250908\2024-01-18하수수위60분현황.xlsx","20072","multiyear_candidate","mapping_and_unit_required","Address columns require mapping to UNQ_NO; negative values and one 19.63 spike","NTFS hardlink"
"reference\needs_mapping\sewer_level_hourly_gangnam_2023_2025\2024-01-19하수수위60분현황.xlsx","C:\2026_Mareungil\data\서울특별시 강남구_하수관로 수위현황_20250908\2024-01-19하수수위60분현황.xlsx","20012","multiyear_candidate","mapping_and_unit_required","Address columns require mapping to UNQ_NO; negative values and one 19.63 spike","NTFS hardlink"
"reference\needs_mapping\sewer_level_hourly_gangnam_2023_2025\2024-01-20하수수위60분현황.xlsx","C:\2026_Mareungil\data\서울특별시 강남구_하수관로 수위현황_20250908\2024-01-20하수수위60분현황.xlsx","19934","multiyear_candidate","mapping_and_unit_required","Address columns require mapping to UNQ_NO; negative values and one 19.63 spike","NTFS hardlink"
"reference\needs_mapping\sewer_level_hourly_gangnam_2023_2025\2024-01-21하수수위60분현황.xlsx","C:\2026_Mareungil\data\서울특별시 강남구_하수관로 수위현황_20250908\2024-01-21하수수위60분현황.xlsx","19962","multiyear_candidate","mapping_and_unit_required","Address columns require mapping to UNQ_NO; negative values and one 19.63 spike","NTFS hardlink"
"reference\needs_mapping\sewer_level_hourly_gangnam_2023_2025\2024-01-22하수수위60분현황.xlsx","C:\2026_Mareungil\data\서울특별시 강남구_하수관로 수위현황_20250908\2024-01-22하수수위60분현황.xlsx","20020","multiyear_candidate","mapping_and_unit_required","Address columns require mapping to UNQ_NO; negative values and one 19.63 spike","NTFS hardlink"
"reference\needs_mapping\sewer_level_hourly_gangnam_2023_2025\2024-01-23하수수위60분현황.xlsx","C:\2026_Mareungil\data\서울특별시 강남구_하수관로 수위현황_20250908\2024-01-23하수수위60분현황.xlsx","19959","multiyear_candidate","mapping_and_unit_required","Address columns require mapping to UNQ_NO; negative values and one 19.63 spike","NTFS hardlink"
"reference\needs_mapping\sewer_level_hourly_gangnam_2023_2025\2024-01-24하수수위60분현황.xlsx","C:\2026_Mareungil\data\서울특별시 강남구_하수관로 수위현황_20250908\2024-01-24하수수위60분현황.xlsx","20040","multiyear_candidate","mapping_and_unit_required","Address columns require mapping to UNQ_NO; negative values and one 19.63 spike","NTFS hardlink"
"reference\needs_mapping\sewer_level_hourly_gangnam_2023_2025\2024-01-25하수수위60분현황.xlsx","C:\2026_Mareungil\data\서울특별시 강남구_하수관로 수위현황_20250908\2024-01-25하수수위60분현황.xlsx","20018","multiyear_candidate","mapping_and_unit_required","Address columns require mapping to UNQ_NO; negative values and one 19.63 spike","NTFS hardlink"
"reference\needs_mapping\sewer_level_hourly_gangnam_2023_2025\2024-01-26하수수위60분현황.xlsx","C:\2026_Mareungil\data\서울특별시 강남구_하수관로 수위현황_20250908\2024-01-26하수수위60분현황.xlsx","19981","multiyear_candidate","mapping_and_unit_required","Address columns require mapping to UNQ_NO; negative values and one 19.63 spike","NTFS hardlink"
"reference\needs_mapping\sewer_level_hourly_gangnam_2023_2025\2024-01-27하수수위60분현황.xlsx","C:\2026_Mareungil\data\서울특별시 강남구_하수관로 수위현황_20250908\2024-01-27하수수위60분현황.xlsx","19943","multiyear_candidate","mapping_and_unit_required","Address columns require mapping to UNQ_NO; negative values and one 19.63 spike","NTFS hardlink"
"reference\needs_mapping\sewer_level_hourly_gangnam_2023_2025\2024-01-28하수수위60분현황.xlsx","C:\2026_Mareungil\data\서울특별시 강남구_하수관로 수위현황_20250908\2024-01-28하수수위60분현황.xlsx","19989","multiyear_candidate","mapping_and_unit_required","Address columns require mapping to UNQ_NO; negative values and one 19.63 spike","NTFS hardlink"
"reference\needs_mapping\sewer_level_hourly_gangnam_2023_2025\2024-01-29하수수위60분현황.xlsx","C:\2026_Mareungil\data\서울특별시 강남구_하수관로 수위현황_20250908\2024-01-29하수수위60분현황.xlsx","19972","multiyear_candidate","mapping_and_unit_required","Address columns require mapping to UNQ_NO; negative values and one 19.63 spike","NTFS hardlink"
"reference\needs_mapping\sewer_level_hourly_gangnam_2023_2025\2024-01-30하수수위60분현황.xlsx","C:\2026_Mareungil\data\서울특별시 강남구_하수관로 수위현황_20250908\2024-01-30하수수위60분현황.xlsx","19969","multiyear_candidate","mapping_and_unit_required","Address columns require mapping to UNQ_NO; negative values and one 19.63 spike","NTFS hardlink"
"reference\needs_mapping\sewer_level_hourly_gangnam_2023_2025\2024-01-31하수수위60분현황.xlsx","C:\2026_Mareungil\data\서울특별시 강남구_하수관로 수위현황_20250908\2024-01-31하수수위60분현황.xlsx","20027","multiyear_candidate","mapping_and_unit_required","Address columns require mapping to UNQ_NO; negative values and one 19.63 spike","NTFS hardlink"
"reference\needs_mapping\sewer_level_hourly_gangnam_2023_2025\2024-02-01하수수위60분현황.xlsx","C:\2026_Mareungil\data\서울특별시 강남구_하수관로 수위현황_20250908\2024-02-01하수수위60분현황.xlsx","20025","multiyear_candidate","mapping_and_unit_required","Address columns require mapping to UNQ_NO; negative values and one 19.63 spike","NTFS hardlink"
"reference\needs_mapping\sewer_level_hourly_gangnam_2023_2025\2024-02-02하수수위60분현황.xlsx","C:\2026_Mareungil\data\서울특별시 강남구_하수관로 수위현황_20250908\2024-02-02하수수위60분현황.xlsx","20028","multiyear_candidate","mapping_and_unit_required","Address columns require mapping to UNQ_NO; negative values and one 19.63 spike","NTFS hardlink"
"reference\needs_mapping\sewer_level_hourly_gangnam_2023_2025\2024-02-03하수수위60분현황.xlsx","C:\2026_Mareungil\data\서울특별시 강남구_하수관로 수위현황_20250908\2024-02-03하수수위60분현황.xlsx","19976","multiyear_candidate","mapping_and_unit_required","Address columns require mapping to UNQ_NO; negative values and one 19.63 spike","NTFS hardlink"
"reference\needs_mapping\sewer_level_hourly_gangnam_2023_2025\2024-02-04하수수위60분현황.xlsx","C:\2026_Mareungil\data\서울특별시 강남구_하수관로 수위현황_20250908\2024-02-04하수수위60분현황.xlsx","19944","multiyear_candidate","mapping_and_unit_required","Address columns require mapping to UNQ_NO; negative values and one 19.63 spike","NTFS hardlink"
"reference\needs_mapping\sewer_level_hourly_gangnam_2023_2025\2024-02-05하수수위60분현황.xlsx","C:\2026_Mareungil\data\서울특별시 강남구_하수관로 수위현황_20250908\2024-02-05하수수위60분현황.xlsx","20060","multiyear_candidate","mapping_and_unit_required","Address columns require mapping to UNQ_NO; negative values and one 19.63 spike","NTFS hardlink"
"reference\needs_mapping\sewer_level_hourly_gangnam_2023_2025\2024-02-06하수수위60분현황.xlsx","C:\2026_Mareungil\data\서울특별시 강남구_하수관로 수위현황_20250908\2024-02-06하수수위60분현황.xlsx","20035","multiyear_candidate","mapping_and_unit_required","Address columns require mapping to UNQ_NO; negative values and one 19.63 spike","NTFS hardlink"
"reference\needs_mapping\sewer_level_hourly_gangnam_2023_2025\2024-02-07하수수위60분현황.xlsx","C:\2026_Mareungil\data\서울특별시 강남구_하수관로 수위현황_20250908\2024-02-07하수수위60분현황.xlsx","20033","multiyear_candidate","mapping_and_unit_required","Address columns require mapping to UNQ_NO; negative values and one 19.63 spike","NTFS hardlink"
"reference\needs_mapping\sewer_level_hourly_gangnam_2023_2025\2024-02-08하수수위60분현황.xlsx","C:\2026_Mareungil\data\서울특별시 강남구_하수관로 수위현황_20250908\2024-02-08하수수위60분현황.xlsx","19942","multiyear_candidate","mapping_and_unit_required","Address columns require mapping to UNQ_NO; negative values and one 19.63 spike","NTFS hardlink"
"reference\needs_mapping\sewer_level_hourly_gangnam_2023_2025\2024-02-09하수수위60분현황.xlsx","C:\2026_Mareungil\data\서울특별시 강남구_하수관로 수위현황_20250908\2024-02-09하수수위60분현황.xlsx","19938","multiyear_candidate","mapping_and_unit_required","Address columns require mapping to UNQ_NO; negative values and one 19.63 spike","NTFS hardlink"
"reference\needs_mapping\sewer_level_hourly_gangnam_2023_2025\2024-02-10하수수위60분현황.xlsx","C:\2026_Mareungil\data\서울특별시 강남구_하수관로 수위현황_20250908\2024-02-10하수수위60분현황.xlsx","19908","multiyear_candidate","mapping_and_unit_required","Address columns require mapping to UNQ_NO; negative values and one 19.63 spike","NTFS hardlink"
"reference\needs_mapping\sewer_level_hourly_gangnam_2023_2025\2024-02-11하수수위60분현황.xlsx","C:\2026_Mareungil\data\서울특별시 강남구_하수관로 수위현황_20250908\2024-02-11하수수위60분현황.xlsx","19936","multiyear_candidate","mapping_and_unit_required","Address columns require mapping to UNQ_NO; negative values and one 19.63 spike","NTFS hardlink"
"reference\needs_mapping\sewer_level_hourly_gangnam_2023_2025\2024-02-12하수수위60분현황.xlsx","C:\2026_Mareungil\data\서울특별시 강남구_하수관로 수위현황_20250908\2024-02-12하수수위60분현황.xlsx","19932","multiyear_candidate","mapping_and_unit_required","Address columns require mapping to UNQ_NO; negative values and one 19.63 spike","NTFS hardlink"
"reference\needs_mapping\sewer_level_hourly_gangnam_2023_2025\2024-02-13하수수위60분현황.xlsx","C:\2026_Mareungil\data\서울특별시 강남구_하수관로 수위현황_20250908\2024-02-13하수수위60분현황.xlsx","20029","multiyear_candidate","mapping_and_unit_required","Address columns require mapping to UNQ_NO; negative values and one 19.63 spike","NTFS hardlink"
"reference\needs_mapping\sewer_level_hourly_gangnam_2023_2025\2024-02-14하수수위60분현황.xlsx","C:\2026_Mareungil\data\서울특별시 강남구_하수관로 수위현황_20250908\2024-02-14하수수위60분현황.xlsx","19924","multiyear_candidate","mapping_and_unit_required","Address columns require mapping to UNQ_NO; negative values and one 19.63 spike","NTFS hardlink"
"reference\needs_mapping\sewer_level_hourly_gangnam_2023_2025\2024-02-15하수수위60분현황.xlsx","C:\2026_Mareungil\data\서울특별시 강남구_하수관로 수위현황_20250908\2024-02-15하수수위60분현황.xlsx","20049","multiyear_candidate","mapping_and_unit_required","Address columns require mapping to UNQ_NO; negative values and one 19.63 spike","NTFS hardlink"
"reference\needs_mapping\sewer_level_hourly_gangnam_2023_2025\2024-02-16하수수위60분현황.xlsx","C:\2026_Mareungil\data\서울특별시 강남구_하수관로 수위현황_20250908\2024-02-16하수수위60분현황.xlsx","19976","multiyear_candidate","mapping_and_unit_required","Address columns require mapping to UNQ_NO; negative values and one 19.63 spike","NTFS hardlink"
"reference\needs_mapping\sewer_level_hourly_gangnam_2023_2025\2024-02-17하수수위60분현황.xlsx","C:\2026_Mareungil\data\서울특별시 강남구_하수관로 수위현황_20250908\2024-02-17하수수위60분현황.xlsx","19975","multiyear_candidate","mapping_and_unit_required","Address columns require mapping to UNQ_NO; negative values and one 19.63 spike","NTFS hardlink"
"reference\needs_mapping\sewer_level_hourly_gangnam_2023_2025\2024-02-18하수수위60분현황.xlsx","C:\2026_Mareungil\data\서울특별시 강남구_하수관로 수위현황_20250908\2024-02-18하수수위60분현황.xlsx","20251","multiyear_candidate","mapping_and_unit_required","Address columns require mapping to UNQ_NO; negative values and one 19.63 spike","NTFS hardlink"
"reference\needs_mapping\sewer_level_hourly_gangnam_2023_2025\2024-02-19하수수위60분현황.xlsx","C:\2026_Mareungil\data\서울특별시 강남구_하수관로 수위현황_20250908\2024-02-19하수수위60분현황.xlsx","20166","multiyear_candidate","mapping_and_unit_required","Address columns require mapping to UNQ_NO; negative values and one 19.63 spike","NTFS hardlink"
"reference\needs_mapping\sewer_level_hourly_gangnam_2023_2025\2024-02-20하수수위60분현황.xlsx","C:\2026_Mareungil\data\서울특별시 강남구_하수관로 수위현황_20250908\2024-02-20하수수위60분현황.xlsx","20101","multiyear_candidate","mapping_and_unit_required","Address columns require mapping to UNQ_NO; negative values and one 19.63 spike","NTFS hardlink"
"reference\needs_mapping\sewer_level_hourly_gangnam_2023_2025\2024-02-21하수수위60분현황.xlsx","C:\2026_Mareungil\data\서울특별시 강남구_하수관로 수위현황_20250908\2024-02-21하수수위60분현황.xlsx","20219","multiyear_candidate","mapping_and_unit_required","Address columns require mapping to UNQ_NO; negative values and one 19.63 spike","NTFS hardlink"
"reference\needs_mapping\sewer_level_hourly_gangnam_2023_2025\2024-02-22하수수위60분현황.xlsx","C:\2026_Mareungil\data\서울특별시 강남구_하수관로 수위현황_20250908\2024-02-22하수수위60분현황.xlsx","20144","multiyear_candidate","mapping_and_unit_required","Address columns require mapping to UNQ_NO; negative values and one 19.63 spike","NTFS hardlink"
"reference\needs_mapping\sewer_level_hourly_gangnam_2023_2025\2024-02-23하수수위60분현황.xlsx","C:\2026_Mareungil\data\서울특별시 강남구_하수관로 수위현황_20250908\2024-02-23하수수위60분현황.xlsx","20051","multiyear_candidate","mapping_and_unit_required","Address columns require mapping to UNQ_NO; negative values and one 19.63 spike","NTFS hardlink"
"reference\needs_mapping\sewer_level_hourly_gangnam_2023_2025\2024-02-24하수수위60분현황.xlsx","C:\2026_Mareungil\data\서울특별시 강남구_하수관로 수위현황_20250908\2024-02-24하수수위60분현황.xlsx","20013","multiyear_candidate","mapping_and_unit_required","Address columns require mapping to UNQ_NO; negative values and one 19.63 spike","NTFS hardlink"
"reference\needs_mapping\sewer_level_hourly_gangnam_2023_2025\2024-02-25하수수위60분현황.xlsx","C:\2026_Mareungil\data\서울특별시 강남구_하수관로 수위현황_20250908\2024-02-25하수수위60분현황.xlsx","20014","multiyear_candidate","mapping_and_unit_required","Address columns require mapping to UNQ_NO; negative values and one 19.63 spike","NTFS hardlink"
"reference\needs_mapping\sewer_level_hourly_gangnam_2023_2025\2024-02-26하수수위60분현황.xlsx","C:\2026_Mareungil\data\서울특별시 강남구_하수관로 수위현황_20250908\2024-02-26하수수위60분현황.xlsx","20016","multiyear_candidate","mapping_and_unit_required","Address columns require mapping to UNQ_NO; negative values and one 19.63 spike","NTFS hardlink"
"reference\needs_mapping\sewer_level_hourly_gangnam_2023_2025\2024-02-27하수수위60분현황.xlsx","C:\2026_Mareungil\data\서울특별시 강남구_하수관로 수위현황_20250908\2024-02-27하수수위60분현황.xlsx","20025","multiyear_candidate","mapping_and_unit_required","Address columns require mapping to UNQ_NO; negative values and one 19.63 spike","NTFS hardlink"
"reference\needs_mapping\sewer_level_hourly_gangnam_2023_2025\2024-02-28하수수위60분현황.xlsx","C:\2026_Mareungil\data\서울특별시 강남구_하수관로 수위현황_20250908\2024-02-28하수수위60분현황.xlsx","20005","multiyear_candidate","mapping_and_unit_required","Address columns require mapping to UNQ_NO; negative values and one 19.63 spike","NTFS hardlink"
"reference\needs_mapping\sewer_level_hourly_gangnam_2023_2025\2024-02-29하수수위60분현황.xlsx","C:\2026_Mareungil\data\서울특별시 강남구_하수관로 수위현황_20250908\2024-02-29하수수위60분현황.xlsx","20035","multiyear_candidate","mapping_and_unit_required","Address columns require mapping to UNQ_NO; negative values and one 19.63 spike","NTFS hardlink"
"reference\needs_mapping\sewer_level_hourly_gangnam_2023_2025\2024-03-01하수수위60분현황.xlsx","C:\2026_Mareungil\data\서울특별시 강남구_하수관로 수위현황_20250908\2024-03-01하수수위60분현황.xlsx","19957","multiyear_candidate","mapping_and_unit_required","Address columns require mapping to UNQ_NO; negative values and one 19.63 spike","NTFS hardlink"
"reference\needs_mapping\sewer_level_hourly_gangnam_2023_2025\2024-03-02하수수위60분현황.xlsx","C:\2026_Mareungil\data\서울특별시 강남구_하수관로 수위현황_20250908\2024-03-02하수수위60분현황.xlsx","19936","multiyear_candidate","mapping_and_unit_required","Address columns require mapping to UNQ_NO; negative values and one 19.63 spike","NTFS hardlink"
"reference\needs_mapping\sewer_level_hourly_gangnam_2023_2025\2024-03-03하수수위60분현황.xlsx","C:\2026_Mareungil\data\서울특별시 강남구_하수관로 수위현황_20250908\2024-03-03하수수위60분현황.xlsx","19956","multiyear_candidate","mapping_and_unit_required","Address columns require mapping to UNQ_NO; negative values and one 19.63 spike","NTFS hardlink"
"reference\needs_mapping\sewer_level_hourly_gangnam_2023_2025\2024-03-04하수수위60분현황.xlsx","C:\2026_Mareungil\data\서울특별시 강남구_하수관로 수위현황_20250908\2024-03-04하수수위60분현황.xlsx","19957","multiyear_candidate","mapping_and_unit_required","Address columns require mapping to UNQ_NO; negative values and one 19.63 spike","NTFS hardlink"
"reference\needs_mapping\sewer_level_hourly_gangnam_2023_2025\2024-03-05하수수위60분현황.xlsx","C:\2026_Mareungil\data\서울특별시 강남구_하수관로 수위현황_20250908\2024-03-05하수수위60분현황.xlsx","19984","multiyear_candidate","mapping_and_unit_required","Address columns require mapping to UNQ_NO; negative values and one 19.63 spike","NTFS hardlink"
"reference\needs_mapping\sewer_level_hourly_gangnam_2023_2025\2024-03-06하수수위60분현황.xlsx","C:\2026_Mareungil\data\서울특별시 강남구_하수관로 수위현황_20250908\2024-03-06하수수위60분현황.xlsx","19984","multiyear_candidate","mapping_and_unit_required","Address columns require mapping to UNQ_NO; negative values and one 19.63 spike","NTFS hardlink"
"reference\needs_mapping\sewer_level_hourly_gangnam_2023_2025\2024-03-07하수수위60분현황.xlsx","C:\2026_Mareungil\data\서울특별시 강남구_하수관로 수위현황_20250908\2024-03-07하수수위60분현황.xlsx","19952","multiyear_candidate","mapping_and_unit_required","Address columns require mapping to UNQ_NO; negative values and one 19.63 spike","NTFS hardlink"
"reference\needs_mapping\sewer_level_hourly_gangnam_2023_2025\2024-03-08하수수위60분현황.xlsx","C:\2026_Mareungil\data\서울특별시 강남구_하수관로 수위현황_20250908\2024-03-08하수수위60분현황.xlsx","20019","multiyear_candidate","mapping_and_unit_required","Address columns require mapping to UNQ_NO; negative values and one 19.63 spike","NTFS hardlink"
"reference\needs_mapping\sewer_level_hourly_gangnam_2023_2025\2024-03-09하수수위60분현황.xlsx","C:\2026_Mareungil\data\서울특별시 강남구_하수관로 수위현황_20250908\2024-03-09하수수위60분현황.xlsx","19925","multiyear_candidate","mapping_and_unit_required","Address columns require mapping to UNQ_NO; negative values and one 19.63 spike","NTFS hardlink"
"reference\needs_mapping\sewer_level_hourly_gangnam_2023_2025\2024-03-10하수수위60분현황.xlsx","C:\2026_Mareungil\data\서울특별시 강남구_하수관로 수위현황_20250908\2024-03-10하수수위60분현황.xlsx","19934","multiyear_candidate","mapping_and_unit_required","Address columns require mapping to UNQ_NO; negative values and one 19.63 spike","NTFS hardlink"
"reference\needs_mapping\sewer_level_hourly_gangnam_2023_2025\2024-03-11하수수위60분현황.xlsx","C:\2026_Mareungil\data\서울특별시 강남구_하수관로 수위현황_20250908\2024-03-11하수수위60분현황.xlsx","19971","multiyear_candidate","mapping_and_unit_required","Address columns require mapping to UNQ_NO; negative values and one 19.63 spike","NTFS hardlink"
"reference\needs_mapping\sewer_level_hourly_gangnam_2023_2025\2024-03-12하수수위60분현황.xlsx","C:\2026_Mareungil\data\서울특별시 강남구_하수관로 수위현황_20250908\2024-03-12하수수위60분현황.xlsx","19989","multiyear_candidate","mapping_and_unit_required","Address columns require mapping to UNQ_NO; negative values and one 19.63 spike","NTFS hardlink"
"reference\needs_mapping\sewer_level_hourly_gangnam_2023_2025\2024-03-13하수수위60분현황.xlsx","C:\2026_Mareungil\data\서울특별시 강남구_하수관로 수위현황_20250908\2024-03-13하수수위60분현황.xlsx","20029","multiyear_candidate","mapping_and_unit_required","Address columns require mapping to UNQ_NO; negative values and one 19.63 spike","NTFS hardlink"
"reference\needs_mapping\sewer_level_hourly_gangnam_2023_2025\2024-03-14하수수위60분현황.xlsx","C:\2026_Mareungil\data\서울특별시 강남구_하수관로 수위현황_20250908\2024-03-14하수수위60분현황.xlsx","20025","multiyear_candidate","mapping_and_unit_required","Address columns require mapping to UNQ_NO; negative values and one 19.63 spike","NTFS hardlink"
"reference\needs_mapping\sewer_level_hourly_gangnam_2023_2025\2024-03-15하수수위60분현황.xlsx","C:\2026_Mareungil\data\서울특별시 강남구_하수관로 수위현황_20250908\2024-03-15하수수위60분현황.xlsx","20049","multiyear_candidate","mapping_and_unit_required","Address columns require mapping to UNQ_NO; negative values and one 19.63 spike","NTFS hardlink"
"reference\needs_mapping\sewer_level_hourly_gangnam_2023_2025\2024-03-16하수수위60분현황.xlsx","C:\2026_Mareungil\data\서울특별시 강남구_하수관로 수위현황_20250908\2024-03-16하수수위60분현황.xlsx","20025","multiyear_candidate","mapping_and_unit_required","Address columns require mapping to UNQ_NO; negative values and one 19.63 spike","NTFS hardlink"
"reference\needs_mapping\sewer_level_hourly_gangnam_2023_2025\2024-03-17하수수위60분현황.xlsx","C:\2026_Mareungil\data\서울특별시 강남구_하수관로 수위현황_20250908\2024-03-17하수수위60분현황.xlsx","19961","multiyear_candidate","mapping_and_unit_required","Address columns require mapping to UNQ_NO; negative values and one 19.63 spike","NTFS hardlink"
"reference\needs_mapping\sewer_level_hourly_gangnam_2023_2025\2024-03-18하수수위60분현황.xlsx","C:\2026_Mareungil\data\서울특별시 강남구_하수관로 수위현황_20250908\2024-03-18하수수위60분현황.xlsx","20029","multiyear_candidate","mapping_and_unit_required","Address columns require mapping to UNQ_NO; negative values and one 19.63 spike","NTFS hardlink"
"reference\needs_mapping\sewer_level_hourly_gangnam_2023_2025\2024-03-19하수수위60분현황.xlsx","C:\2026_Mareungil\data\서울특별시 강남구_하수관로 수위현황_20250908\2024-03-19하수수위60분현황.xlsx","20037","multiyear_candidate","mapping_and_unit_required","Address columns require mapping to UNQ_NO; negative values and one 19.63 spike","NTFS hardlink"
"reference\needs_mapping\sewer_level_hourly_gangnam_2023_2025\2024-03-20하수수위60분현황.xlsx","C:\2026_Mareungil\data\서울특별시 강남구_하수관로 수위현황_20250908\2024-03-20하수수위60분현황.xlsx","20084","multiyear_candidate","mapping_and_unit_required","Address columns require mapping to UNQ_NO; negative values and one 19.63 spike","NTFS hardlink"
"reference\needs_mapping\sewer_level_hourly_gangnam_2023_2025\2024-03-21하수수위60분현황.xlsx","C:\2026_Mareungil\data\서울특별시 강남구_하수관로 수위현황_20250908\2024-03-21하수수위60분현황.xlsx","20004","multiyear_candidate","mapping_and_unit_required","Address columns require mapping to UNQ_NO; negative values and one 19.63 spike","NTFS hardlink"
"reference\needs_mapping\sewer_level_hourly_gangnam_2023_2025\2024-03-22하수수위60분현황.xlsx","C:\2026_Mareungil\data\서울특별시 강남구_하수관로 수위현황_20250908\2024-03-22하수수위60분현황.xlsx","20255","multiyear_candidate","mapping_and_unit_required","Address columns require mapping to UNQ_NO; negative values and one 19.63 spike","NTFS hardlink"
"reference\needs_mapping\sewer_level_hourly_gangnam_2023_2025\2024-03-23하수수위60분현황.xlsx","C:\2026_Mareungil\data\서울특별시 강남구_하수관로 수위현황_20250908\2024-03-23하수수위60분현황.xlsx","20080","multiyear_candidate","mapping_and_unit_required","Address columns require mapping to UNQ_NO; negative values and one 19.63 spike","NTFS hardlink"
"reference\needs_mapping\sewer_level_hourly_gangnam_2023_2025\2024-03-24하수수위60분현황.xlsx","C:\2026_Mareungil\data\서울특별시 강남구_하수관로 수위현황_20250908\2024-03-24하수수위60분현황.xlsx","20044","multiyear_candidate","mapping_and_unit_required","Address columns require mapping to UNQ_NO; negative values and one 19.63 spike","NTFS hardlink"
"reference\needs_mapping\sewer_level_hourly_gangnam_2023_2025\2024-03-25하수수위60분현황.xlsx","C:\2026_Mareungil\data\서울특별시 강남구_하수관로 수위현황_20250908\2024-03-25하수수위60분현황.xlsx","20167","multiyear_candidate","mapping_and_unit_required","Address columns require mapping to UNQ_NO; negative values and one 19.63 spike","NTFS hardlink"
"reference\needs_mapping\sewer_level_hourly_gangnam_2023_2025\2024-03-26하수수위60분현황.xlsx","C:\2026_Mareungil\data\서울특별시 강남구_하수관로 수위현황_20250908\2024-03-26하수수위60분현황.xlsx","20253","multiyear_candidate","mapping_and_unit_required","Address columns require mapping to UNQ_NO; negative values and one 19.63 spike","NTFS hardlink"
"reference\needs_mapping\sewer_level_hourly_gangnam_2023_2025\2024-03-27하수수위60분현황.xlsx","C:\2026_Mareungil\data\서울특별시 강남구_하수관로 수위현황_20250908\2024-03-27하수수위60분현황.xlsx","20010","multiyear_candidate","mapping_and_unit_required","Address columns require mapping to UNQ_NO; negative values and one 19.63 spike","NTFS hardlink"
"reference\needs_mapping\sewer_level_hourly_gangnam_2023_2025\2024-03-28하수수위60분현황.xlsx","C:\2026_Mareungil\data\서울특별시 강남구_하수관로 수위현황_20250908\2024-03-28하수수위60분현황.xlsx","19979","multiyear_candidate","mapping_and_unit_required","Address columns require mapping to UNQ_NO; negative values and one 19.63 spike","NTFS hardlink"
"reference\needs_mapping\sewer_level_hourly_gangnam_2023_2025\2024-03-29하수수위60분현황.xlsx","C:\2026_Mareungil\data\서울특별시 강남구_하수관로 수위현황_20250908\2024-03-29하수수위60분현황.xlsx","20057","multiyear_candidate","mapping_and_unit_required","Address columns require mapping to UNQ_NO; negative values and one 19.63 spike","NTFS hardlink"
"reference\needs_mapping\sewer_level_hourly_gangnam_2023_2025\2024-03-30하수수위60분현황.xlsx","C:\2026_Mareungil\data\서울특별시 강남구_하수관로 수위현황_20250908\2024-03-30하수수위60분현황.xlsx","19983","multiyear_candidate","mapping_and_unit_required","Address columns require mapping to UNQ_NO; negative values and one 19.63 spike","NTFS hardlink"
"reference\needs_mapping\sewer_level_hourly_gangnam_2023_2025\2024-03-31하수수위60분현황.xlsx","C:\2026_Mareungil\data\서울특별시 강남구_하수관로 수위현황_20250908\2024-03-31하수수위60분현황.xlsx","19967","multiyear_candidate","mapping_and_unit_required","Address columns require mapping to UNQ_NO; negative values and one 19.63 spike","NTFS hardlink"
"reference\needs_mapping\sewer_level_hourly_gangnam_2023_2025\2024-04-01하수수위60분현황.xlsx","C:\2026_Mareungil\data\서울특별시 강남구_하수관로 수위현황_20250908\2024-04-01하수수위60분현황.xlsx","19982","multiyear_candidate","mapping_and_unit_required","Address columns require mapping to UNQ_NO; negative values and one 19.63 spike","NTFS hardlink"
"reference\needs_mapping\sewer_level_hourly_gangnam_2023_2025\2024-04-02하수수위60분현황.xlsx","C:\2026_Mareungil\data\서울특별시 강남구_하수관로 수위현황_20250908\2024-04-02하수수위60분현황.xlsx","19992","multiyear_candidate","mapping_and_unit_required","Address columns require mapping to UNQ_NO; negative values and one 19.63 spike","NTFS hardlink"
"reference\needs_mapping\sewer_level_hourly_gangnam_2023_2025\2024-04-03하수수위60분현황.xlsx","C:\2026_Mareungil\data\서울특별시 강남구_하수관로 수위현황_20250908\2024-04-03하수수위60분현황.xlsx","19993","multiyear_candidate","mapping_and_unit_required","Address columns require mapping to UNQ_NO; negative values and one 19.63 spike","NTFS hardlink"
"reference\needs_mapping\sewer_level_hourly_gangnam_2023_2025\2024-04-04하수수위60분현황.xlsx","C:\2026_Mareungil\data\서울특별시 강남구_하수관로 수위현황_20250908\2024-04-04하수수위60분현황.xlsx","20034","multiyear_candidate","mapping_and_unit_required","Address columns require mapping to UNQ_NO; negative values and one 19.63 spike","NTFS hardlink"
"reference\needs_mapping\sewer_level_hourly_gangnam_2023_2025\2024-04-05하수수위60분현황.xlsx","C:\2026_Mareungil\data\서울특별시 강남구_하수관로 수위현황_20250908\2024-04-05하수수위60분현황.xlsx","20159","multiyear_candidate","mapping_and_unit_required","Address columns require mapping to UNQ_NO; negative values and one 19.63 spike","NTFS hardlink"
"reference\needs_mapping\sewer_level_hourly_gangnam_2023_2025\2024-04-06하수수위60분현황.xlsx","C:\2026_Mareungil\data\서울특별시 강남구_하수관로 수위현황_20250908\2024-04-06하수수위60분현황.xlsx","20072","multiyear_candidate","mapping_and_unit_required","Address columns require mapping to UNQ_NO; negative values and one 19.63 spike","NTFS hardlink"
"reference\needs_mapping\sewer_level_hourly_gangnam_2023_2025\2024-04-07하수수위60분현황.xlsx","C:\2026_Mareungil\data\서울특별시 강남구_하수관로 수위현황_20250908\2024-04-07하수수위60분현황.xlsx","20078","multiyear_candidate","mapping_and_unit_required","Address columns require mapping to UNQ_NO; negative values and one 19.63 spike","NTFS hardlink"
"reference\needs_mapping\sewer_level_hourly_gangnam_2023_2025\2024-04-08하수수위60분현황.xlsx","C:\2026_Mareungil\data\서울특별시 강남구_하수관로 수위현황_20250908\2024-04-08하수수위60분현황.xlsx","20044","multiyear_candidate","mapping_and_unit_required","Address columns require mapping to UNQ_NO; negative values and one 19.63 spike","NTFS hardlink"
"reference\needs_mapping\sewer_level_hourly_gangnam_2023_2025\2024-04-09하수수위60분현황.xlsx","C:\2026_Mareungil\data\서울특별시 강남구_하수관로 수위현황_20250908\2024-04-09하수수위60분현황.xlsx","20044","multiyear_candidate","mapping_and_unit_required","Address columns require mapping to UNQ_NO; negative values and one 19.63 spike","NTFS hardlink"
"reference\needs_mapping\sewer_level_hourly_gangnam_2023_2025\2024-04-10하수수위60분현황.xlsx","C:\2026_Mareungil\data\서울특별시 강남구_하수관로 수위현황_20250908\2024-04-10하수수위60분현황.xlsx","20013","multiyear_candidate","mapping_and_unit_required","Address columns require mapping to UNQ_NO; negative values and one 19.63 spike","NTFS hardlink"
"reference\needs_mapping\sewer_level_hourly_gangnam_2023_2025\2024-04-11하수수위60분현황.xlsx","C:\2026_Mareungil\data\서울특별시 강남구_하수관로 수위현황_20250908\2024-04-11하수수위60분현황.xlsx","20040","multiyear_candidate","mapping_and_unit_required","Address columns require mapping to UNQ_NO; negative values and one 19.63 spike","NTFS hardlink"
"reference\needs_mapping\sewer_level_hourly_gangnam_2023_2025\2024-04-12하수수위60분현황.xlsx","C:\2026_Mareungil\data\서울특별시 강남구_하수관로 수위현황_20250908\2024-04-12하수수위60분현황.xlsx","19946","multiyear_candidate","mapping_and_unit_required","Address columns require mapping to UNQ_NO; negative values and one 19.63 spike","NTFS hardlink"
"reference\needs_mapping\sewer_level_hourly_gangnam_2023_2025\2024-04-13하수수위60분현황.xlsx","C:\2026_Mareungil\data\서울특별시 강남구_하수관로 수위현황_20250908\2024-04-13하수수위60분현황.xlsx","19410","multiyear_candidate","mapping_and_unit_required","Address columns require mapping to UNQ_NO; negative values and one 19.63 spike","NTFS hardlink"
"reference\needs_mapping\sewer_level_hourly_gangnam_2023_2025\2024-04-14하수수위60분현황.xlsx","C:\2026_Mareungil\data\서울특별시 강남구_하수관로 수위현황_20250908\2024-04-14하수수위60분현황.xlsx","18759","multiyear_candidate","mapping_and_unit_required","Address columns require mapping to UNQ_NO; negative values and one 19.63 spike","NTFS hardlink"
"reference\needs_mapping\sewer_level_hourly_gangnam_2023_2025\2024-04-15하수수위60분현황.xlsx","C:\2026_Mareungil\data\서울특별시 강남구_하수관로 수위현황_20250908\2024-04-15하수수위60분현황.xlsx","19887","multiyear_candidate","mapping_and_unit_required","Address columns require mapping to UNQ_NO; negative values and one 19.63 spike","NTFS hardlink"
"reference\needs_mapping\sewer_level_hourly_gangnam_2023_2025\2024-04-16하수수위60분현황.xlsx","C:\2026_Mareungil\data\서울특별시 강남구_하수관로 수위현황_20250908\2024-04-16하수수위60분현황.xlsx","20100","multiyear_candidate","mapping_and_unit_required","Address columns require mapping to UNQ_NO; negative values and one 19.63 spike","NTFS hardlink"
"reference\needs_mapping\sewer_level_hourly_gangnam_2023_2025\2024-04-17하수수위60분현황.xlsx","C:\2026_Mareungil\data\서울특별시 강남구_하수관로 수위현황_20250908\2024-04-17하수수위60분현황.xlsx","20053","multiyear_candidate","mapping_and_unit_required","Address columns require mapping to UNQ_NO; negative values and one 19.63 spike","NTFS hardlink"
"reference\needs_mapping\sewer_level_hourly_gangnam_2023_2025\2024-04-18하수수위60분현황.xlsx","C:\2026_Mareungil\data\서울특별시 강남구_하수관로 수위현황_20250908\2024-04-18하수수위60분현황.xlsx","20047","multiyear_candidate","mapping_and_unit_required","Address columns require mapping to UNQ_NO; negative values and one 19.63 spike","NTFS hardlink"
"reference\needs_mapping\sewer_level_hourly_gangnam_2023_2025\2024-04-19하수수위60분현황.xlsx","C:\2026_Mareungil\data\서울특별시 강남구_하수관로 수위현황_20250908\2024-04-19하수수위60분현황.xlsx","20104","multiyear_candidate","mapping_and_unit_required","Address columns require mapping to UNQ_NO; negative values and one 19.63 spike","NTFS hardlink"
"reference\needs_mapping\sewer_level_hourly_gangnam_2023_2025\2024-04-20하수수위60분현황.xlsx","C:\2026_Mareungil\data\서울특별시 강남구_하수관로 수위현황_20250908\2024-04-20하수수위60분현황.xlsx","20090","multiyear_candidate","mapping_and_unit_required","Address columns require mapping to UNQ_NO; negative values and one 19.63 spike","NTFS hardlink"
"reference\needs_mapping\sewer_level_hourly_gangnam_2023_2025\2024-04-21하수수위60분현황.xlsx","C:\2026_Mareungil\data\서울특별시 강남구_하수관로 수위현황_20250908\2024-04-21하수수위60분현황.xlsx","20027","multiyear_candidate","mapping_and_unit_required","Address columns require mapping to UNQ_NO; negative values and one 19.63 spike","NTFS hardlink"
"reference\needs_mapping\sewer_level_hourly_gangnam_2023_2025\2024-04-22하수수위60분현황.xlsx","C:\2026_Mareungil\data\서울특별시 강남구_하수관로 수위현황_20250908\2024-04-22하수수위60분현황.xlsx","20003","multiyear_candidate","mapping_and_unit_required","Address columns require mapping to UNQ_NO; negative values and one 19.63 spike","NTFS hardlink"
"reference\needs_mapping\sewer_level_hourly_gangnam_2023_2025\2024-04-23하수수위60분현황.xlsx","C:\2026_Mareungil\data\서울특별시 강남구_하수관로 수위현황_20250908\2024-04-23하수수위60분현황.xlsx","20103","multiyear_candidate","mapping_and_unit_required","Address columns require mapping to UNQ_NO; negative values and one 19.63 spike","NTFS hardlink"
"reference\needs_mapping\sewer_level_hourly_gangnam_2023_2025\2024-04-24하수수위60분현황.xlsx","C:\2026_Mareungil\data\서울특별시 강남구_하수관로 수위현황_20250908\2024-04-24하수수위60분현황.xlsx","20251","multiyear_candidate","mapping_and_unit_required","Address columns require mapping to UNQ_NO; negative values and one 19.63 spike","NTFS hardlink"
"reference\needs_mapping\sewer_level_hourly_gangnam_2023_2025\2024-04-25하수수위60분현황.xlsx","C:\2026_Mareungil\data\서울특별시 강남구_하수관로 수위현황_20250908\2024-04-25하수수위60분현황.xlsx","19958","multiyear_candidate","mapping_and_unit_required","Address columns require mapping to UNQ_NO; negative values and one 19.63 spike","NTFS hardlink"
"reference\needs_mapping\sewer_level_hourly_gangnam_2023_2025\2024-04-26하수수위60분현황.xlsx","C:\2026_Mareungil\data\서울특별시 강남구_하수관로 수위현황_20250908\2024-04-26하수수위60분현황.xlsx","19995","multiyear_candidate","mapping_and_unit_required","Address columns require mapping to UNQ_NO; negative values and one 19.63 spike","NTFS hardlink"
"reference\needs_mapping\sewer_level_hourly_gangnam_2023_2025\2024-04-27하수수위60분현황.xlsx","C:\2026_Mareungil\data\서울특별시 강남구_하수관로 수위현황_20250908\2024-04-27하수수위60분현황.xlsx","20066","multiyear_candidate","mapping_and_unit_required","Address columns require mapping to UNQ_NO; negative values and one 19.63 spike","NTFS hardlink"
"reference\needs_mapping\sewer_level_hourly_gangnam_2023_2025\2024-04-28하수수위60분현황.xlsx","C:\2026_Mareungil\data\서울특별시 강남구_하수관로 수위현황_20250908\2024-04-28하수수위60분현황.xlsx","19957","multiyear_candidate","mapping_and_unit_required","Address columns require mapping to UNQ_NO; negative values and one 19.63 spike","NTFS hardlink"
"reference\needs_mapping\sewer_level_hourly_gangnam_2023_2025\2024-04-29하수수위60분현황.xlsx","C:\2026_Mareungil\data\서울특별시 강남구_하수관로 수위현황_20250908\2024-04-29하수수위60분현황.xlsx","19999","multiyear_candidate","mapping_and_unit_required","Address columns require mapping to UNQ_NO; negative values and one 19.63 spike","NTFS hardlink"
"reference\needs_mapping\sewer_level_hourly_gangnam_2023_2025\2024-04-30하수수위60분현황.xlsx","C:\2026_Mareungil\data\서울특별시 강남구_하수관로 수위현황_20250908\2024-04-30하수수위60분현황.xlsx","19978","multiyear_candidate","mapping_and_unit_required","Address columns require mapping to UNQ_NO; negative values and one 19.63 spike","NTFS hardlink"
"reference\needs_mapping\sewer_level_hourly_gangnam_2023_2025\2024-05-01하수수위60분현황.xlsx","C:\2026_Mareungil\data\서울특별시 강남구_하수관로 수위현황_20250908\2024-05-01하수수위60분현황.xlsx","19994","multiyear_candidate","mapping_and_unit_required","Address columns require mapping to UNQ_NO; negative values and one 19.63 spike","NTFS hardlink"
"reference\needs_mapping\sewer_level_hourly_gangnam_2023_2025\2024-05-02하수수위60분현황.xlsx","C:\2026_Mareungil\data\서울특별시 강남구_하수관로 수위현황_20250908\2024-05-02하수수위60분현황.xlsx","20029","multiyear_candidate","mapping_and_unit_required","Address columns require mapping to UNQ_NO; negative values and one 19.63 spike","NTFS hardlink"
"reference\needs_mapping\sewer_level_hourly_gangnam_2023_2025\2024-05-03하수수위60분현황.xlsx","C:\2026_Mareungil\data\서울특별시 강남구_하수관로 수위현황_20250908\2024-05-03하수수위60분현황.xlsx","19997","multiyear_candidate","mapping_and_unit_required","Address columns require mapping to UNQ_NO; negative values and one 19.63 spike","NTFS hardlink"
"reference\needs_mapping\sewer_level_hourly_gangnam_2023_2025\2024-05-04하수수위60분현황.xlsx","C:\2026_Mareungil\data\서울특별시 강남구_하수관로 수위현황_20250908\2024-05-04하수수위60분현황.xlsx","19991","multiyear_candidate","mapping_and_unit_required","Address columns require mapping to UNQ_NO; negative values and one 19.63 spike","NTFS hardlink"
"reference\needs_mapping\sewer_level_hourly_gangnam_2023_2025\2024-05-05하수수위60분현황.xlsx","C:\2026_Mareungil\data\서울특별시 강남구_하수관로 수위현황_20250908\2024-05-05하수수위60분현황.xlsx","20304","multiyear_candidate","mapping_and_unit_required","Address columns require mapping to UNQ_NO; negative values and one 19.63 spike","NTFS hardlink"
"reference\needs_mapping\sewer_level_hourly_gangnam_2023_2025\2024-05-06하수수위60분현황.xlsx","C:\2026_Mareungil\data\서울특별시 강남구_하수관로 수위현황_20250908\2024-05-06하수수위60분현황.xlsx","20182","multiyear_candidate","mapping_and_unit_required","Address columns require mapping to UNQ_NO; negative values and one 19.63 spike","NTFS hardlink"
"reference\needs_mapping\sewer_level_hourly_gangnam_2023_2025\2024-05-07하수수위60분현황.xlsx","C:\2026_Mareungil\data\서울특별시 강남구_하수관로 수위현황_20250908\2024-05-07하수수위60분현황.xlsx","20123","multiyear_candidate","mapping_and_unit_required","Address columns require mapping to UNQ_NO; negative values and one 19.63 spike","NTFS hardlink"
"reference\needs_mapping\sewer_level_hourly_gangnam_2023_2025\2024-05-08하수수위60분현황.xlsx","C:\2026_Mareungil\data\서울특별시 강남구_하수관로 수위현황_20250908\2024-05-08하수수위60분현황.xlsx","20097","multiyear_candidate","mapping_and_unit_required","Address columns require mapping to UNQ_NO; negative values and one 19.63 spike","NTFS hardlink"
"reference\needs_mapping\sewer_level_hourly_gangnam_2023_2025\2024-05-09하수수위60분현황.xlsx","C:\2026_Mareungil\data\서울특별시 강남구_하수관로 수위현황_20250908\2024-05-09하수수위60분현황.xlsx","20087","multiyear_candidate","mapping_and_unit_required","Address columns require mapping to UNQ_NO; negative values and one 19.63 spike","NTFS hardlink"
"reference\needs_mapping\sewer_level_hourly_gangnam_2023_2025\2024-05-10하수수위60분현황.xlsx","C:\2026_Mareungil\data\서울특별시 강남구_하수관로 수위현황_20250908\2024-05-10하수수위60분현황.xlsx","20083","multiyear_candidate","mapping_and_unit_required","Address columns require mapping to UNQ_NO; negative values and one 19.63 spike","NTFS hardlink"
"reference\needs_mapping\sewer_level_hourly_gangnam_2023_2025\2024-05-11하수수위60분현황.xlsx","C:\2026_Mareungil\data\서울특별시 강남구_하수관로 수위현황_20250908\2024-05-11하수수위60분현황.xlsx","20255","multiyear_candidate","mapping_and_unit_required","Address columns require mapping to UNQ_NO; negative values and one 19.63 spike","NTFS hardlink"
"reference\needs_mapping\sewer_level_hourly_gangnam_2023_2025\2024-05-12하수수위60분현황.xlsx","C:\2026_Mareungil\data\서울특별시 강남구_하수관로 수위현황_20250908\2024-05-12하수수위60분현황.xlsx","19978","multiyear_candidate","mapping_and_unit_required","Address columns require mapping to UNQ_NO; negative values and one 19.63 spike","NTFS hardlink"
"reference\needs_mapping\sewer_level_hourly_gangnam_2023_2025\2024-05-13하수수위60분현황.xlsx","C:\2026_Mareungil\data\서울특별시 강남구_하수관로 수위현황_20250908\2024-05-13하수수위60분현황.xlsx","20053","multiyear_candidate","mapping_and_unit_required","Address columns require mapping to UNQ_NO; negative values and one 19.63 spike","NTFS hardlink"
"reference\needs_mapping\sewer_level_hourly_gangnam_2023_2025\2024-05-14하수수위60분현황.xlsx","C:\2026_Mareungil\data\서울특별시 강남구_하수관로 수위현황_20250908\2024-05-14하수수위60분현황.xlsx","19949","multiyear_candidate","mapping_and_unit_required","Address columns require mapping to UNQ_NO; negative values and one 19.63 spike","NTFS hardlink"
"reference\needs_mapping\sewer_level_hourly_gangnam_2023_2025\2024-05-15하수수위60분현황.xlsx","C:\2026_Mareungil\data\서울특별시 강남구_하수관로 수위현황_20250908\2024-05-15하수수위60분현황.xlsx","20179","multiyear_candidate","mapping_and_unit_required","Address columns require mapping to UNQ_NO; negative values and one 19.63 spike","NTFS hardlink"
"reference\needs_mapping\sewer_level_hourly_gangnam_2023_2025\2024-05-16하수수위60분현황.xlsx","C:\2026_Mareungil\data\서울특별시 강남구_하수관로 수위현황_20250908\2024-05-16하수수위60분현황.xlsx","20036","multiyear_candidate","mapping_and_unit_required","Address columns require mapping to UNQ_NO; negative values and one 19.63 spike","NTFS hardlink"
"reference\needs_mapping\sewer_level_hourly_gangnam_2023_2025\2024-05-17하수수위60분현황.xlsx","C:\2026_Mareungil\data\서울특별시 강남구_하수관로 수위현황_20250908\2024-05-17하수수위60분현황.xlsx","20007","multiyear_candidate","mapping_and_unit_required","Address columns require mapping to UNQ_NO; negative values and one 19.63 spike","NTFS hardlink"
"reference\needs_mapping\sewer_level_hourly_gangnam_2023_2025\2024-05-18하수수위60분현황.xlsx","C:\2026_Mareungil\data\서울특별시 강남구_하수관로 수위현황_20250908\2024-05-18하수수위60분현황.xlsx","19937","multiyear_candidate","mapping_and_unit_required","Address columns require mapping to UNQ_NO; negative values and one 19.63 spike","NTFS hardlink"
"reference\needs_mapping\sewer_level_hourly_gangnam_2023_2025\2024-05-19하수수위60분현황.xlsx","C:\2026_Mareungil\data\서울특별시 강남구_하수관로 수위현황_20250908\2024-05-19하수수위60분현황.xlsx","19898","multiyear_candidate","mapping_and_unit_required","Address columns require mapping to UNQ_NO; negative values and one 19.63 spike","NTFS hardlink"
"reference\needs_mapping\sewer_level_hourly_gangnam_2023_2025\2024-05-20하수수위60분현황.xlsx","C:\2026_Mareungil\data\서울특별시 강남구_하수관로 수위현황_20250908\2024-05-20하수수위60분현황.xlsx","19971","multiyear_candidate","mapping_and_unit_required","Address columns require mapping to UNQ_NO; negative values and one 19.63 spike","NTFS hardlink"
"reference\needs_mapping\sewer_level_hourly_gangnam_2023_2025\2024-05-21하수수위60분현황.xlsx","C:\2026_Mareungil\data\서울특별시 강남구_하수관로 수위현황_20250908\2024-05-21하수수위60분현황.xlsx","19949","multiyear_candidate","mapping_and_unit_required","Address columns require mapping to UNQ_NO; negative values and one 19.63 spike","NTFS hardlink"
"reference\needs_mapping\sewer_level_hourly_gangnam_2023_2025\2024-05-22하수수위60분현황.xlsx","C:\2026_Mareungil\data\서울특별시 강남구_하수관로 수위현황_20250908\2024-05-22하수수위60분현황.xlsx","19991","multiyear_candidate","mapping_and_unit_required","Address columns require mapping to UNQ_NO; negative values and one 19.63 spike","NTFS hardlink"
"reference\needs_mapping\sewer_level_hourly_gangnam_2023_2025\2024-05-23하수수위60분현황.xlsx","C:\2026_Mareungil\data\서울특별시 강남구_하수관로 수위현황_20250908\2024-05-23하수수위60분현황.xlsx","19984","multiyear_candidate","mapping_and_unit_required","Address columns require mapping to UNQ_NO; negative values and one 19.63 spike","NTFS hardlink"
"reference\needs_mapping\sewer_level_hourly_gangnam_2023_2025\2024-05-24하수수위60분현황.xlsx","C:\2026_Mareungil\data\서울특별시 강남구_하수관로 수위현황_20250908\2024-05-24하수수위60분현황.xlsx","19930","multiyear_candidate","mapping_and_unit_required","Address columns require mapping to UNQ_NO; negative values and one 19.63 spike","NTFS hardlink"
"reference\needs_mapping\sewer_level_hourly_gangnam_2023_2025\2024-05-25하수수위60분현황.xlsx","C:\2026_Mareungil\data\서울특별시 강남구_하수관로 수위현황_20250908\2024-05-25하수수위60분현황.xlsx","19933","multiyear_candidate","mapping_and_unit_required","Address columns require mapping to UNQ_NO; negative values and one 19.63 spike","NTFS hardlink"
"reference\needs_mapping\sewer_level_hourly_gangnam_2023_2025\2024-05-26하수수위60분현황.xlsx","C:\2026_Mareungil\data\서울특별시 강남구_하수관로 수위현황_20250908\2024-05-26하수수위60분현황.xlsx","20087","multiyear_candidate","mapping_and_unit_required","Address columns require mapping to UNQ_NO; negative values and one 19.63 spike","NTFS hardlink"
"reference\needs_mapping\sewer_level_hourly_gangnam_2023_2025\2024-05-27하수수위60분현황.xlsx","C:\2026_Mareungil\data\서울특별시 강남구_하수관로 수위현황_20250908\2024-05-27하수수위60분현황.xlsx","19957","multiyear_candidate","mapping_and_unit_required","Address columns require mapping to UNQ_NO; negative values and one 19.63 spike","NTFS hardlink"
"reference\needs_mapping\sewer_level_hourly_gangnam_2023_2025\2024-05-28하수수위60분현황.xlsx","C:\2026_Mareungil\data\서울특별시 강남구_하수관로 수위현황_20250908\2024-05-28하수수위60분현황.xlsx","19943","multiyear_candidate","mapping_and_unit_required","Address columns require mapping to UNQ_NO; negative values and one 19.63 spike","NTFS hardlink"
"reference\needs_mapping\sewer_level_hourly_gangnam_2023_2025\2024-05-29하수수위60분현황.xlsx","C:\2026_Mareungil\data\서울특별시 강남구_하수관로 수위현황_20250908\2024-05-29하수수위60분현황.xlsx","19975","multiyear_candidate","mapping_and_unit_required","Address columns require mapping to UNQ_NO; negative values and one 19.63 spike","NTFS hardlink"
"reference\needs_mapping\sewer_level_hourly_gangnam_2023_2025\2024-05-30하수수위60분현황.xlsx","C:\2026_Mareungil\data\서울특별시 강남구_하수관로 수위현황_20250908\2024-05-30하수수위60분현황.xlsx","19962","multiyear_candidate","mapping_and_unit_required","Address columns require mapping to UNQ_NO; negative values and one 19.63 spike","NTFS hardlink"
"reference\needs_mapping\sewer_level_hourly_gangnam_2023_2025\2024-05-31하수수위60분현황.xlsx","C:\2026_Mareungil\data\서울특별시 강남구_하수관로 수위현황_20250908\2024-05-31하수수위60분현황.xlsx","19944","multiyear_candidate","mapping_and_unit_required","Address columns require mapping to UNQ_NO; negative values and one 19.63 spike","NTFS hardlink"
"reference\needs_mapping\sewer_level_hourly_gangnam_2023_2025\2024-06-01하수수위60분현황.xlsx","C:\2026_Mareungil\data\서울특별시 강남구_하수관로 수위현황_20250908\2024-06-01하수수위60분현황.xlsx","19951","multiyear_candidate","mapping_and_unit_required","Address columns require mapping to UNQ_NO; negative values and one 19.63 spike","NTFS hardlink"
"reference\needs_mapping\sewer_level_hourly_gangnam_2023_2025\2024-06-02하수수위60분현황.xlsx","C:\2026_Mareungil\data\서울특별시 강남구_하수관로 수위현황_20250908\2024-06-02하수수위60분현황.xlsx","19951","multiyear_candidate","mapping_and_unit_required","Address columns require mapping to UNQ_NO; negative values and one 19.63 spike","NTFS hardlink"
"reference\needs_mapping\sewer_level_hourly_gangnam_2023_2025\2024-06-03하수수위60분현황.xlsx","C:\2026_Mareungil\data\서울특별시 강남구_하수관로 수위현황_20250908\2024-06-03하수수위60분현황.xlsx","19970","multiyear_candidate","mapping_and_unit_required","Address columns require mapping to UNQ_NO; negative values and one 19.63 spike","NTFS hardlink"
"reference\needs_mapping\sewer_level_hourly_gangnam_2023_2025\2024-06-04하수수위60분현황.xlsx","C:\2026_Mareungil\data\서울특별시 강남구_하수관로 수위현황_20250908\2024-06-04하수수위60분현황.xlsx","19951","multiyear_candidate","mapping_and_unit_required","Address columns require mapping to UNQ_NO; negative values and one 19.63 spike","NTFS hardlink"
"reference\needs_mapping\sewer_level_hourly_gangnam_2023_2025\2024-06-05하수수위60분현황.xlsx","C:\2026_Mareungil\data\서울특별시 강남구_하수관로 수위현황_20250908\2024-06-05하수수위60분현황.xlsx","20012","multiyear_candidate","mapping_and_unit_required","Address columns require mapping to UNQ_NO; negative values and one 19.63 spike","NTFS hardlink"
"reference\needs_mapping\sewer_level_hourly_gangnam_2023_2025\2024-06-06하수수위60분현황.xlsx","C:\2026_Mareungil\data\서울특별시 강남구_하수관로 수위현황_20250908\2024-06-06하수수위60분현황.xlsx","20001","multiyear_candidate","mapping_and_unit_required","Address columns require mapping to UNQ_NO; negative values and one 19.63 spike","NTFS hardlink"
"reference\needs_mapping\sewer_level_hourly_gangnam_2023_2025\2024-06-07하수수위60분현황.xlsx","C:\2026_Mareungil\data\서울특별시 강남구_하수관로 수위현황_20250908\2024-06-07하수수위60분현황.xlsx","20014","multiyear_candidate","mapping_and_unit_required","Address columns require mapping to UNQ_NO; negative values and one 19.63 spike","NTFS hardlink"
"reference\needs_mapping\sewer_level_hourly_gangnam_2023_2025\2024-06-08하수수위60분현황.xlsx","C:\2026_Mareungil\data\서울특별시 강남구_하수관로 수위현황_20250908\2024-06-08하수수위60분현황.xlsx","20248","multiyear_candidate","mapping_and_unit_required","Address columns require mapping to UNQ_NO; negative values and one 19.63 spike","NTFS hardlink"
"reference\needs_mapping\sewer_level_hourly_gangnam_2023_2025\2024-06-09하수수위60분현황.xlsx","C:\2026_Mareungil\data\서울특별시 강남구_하수관로 수위현황_20250908\2024-06-09하수수위60분현황.xlsx","19967","multiyear_candidate","mapping_and_unit_required","Address columns require mapping to UNQ_NO; negative values and one 19.63 spike","NTFS hardlink"
"reference\needs_mapping\sewer_level_hourly_gangnam_2023_2025\2024-06-10하수수위60분현황.xlsx","C:\2026_Mareungil\data\서울특별시 강남구_하수관로 수위현황_20250908\2024-06-10하수수위60분현황.xlsx","20030","multiyear_candidate","mapping_and_unit_required","Address columns require mapping to UNQ_NO; negative values and one 19.63 spike","NTFS hardlink"
"reference\needs_mapping\sewer_level_hourly_gangnam_2023_2025\2024-06-11하수수위60분현황.xlsx","C:\2026_Mareungil\data\서울특별시 강남구_하수관로 수위현황_20250908\2024-06-11하수수위60분현황.xlsx","19975","multiyear_candidate","mapping_and_unit_required","Address columns require mapping to UNQ_NO; negative values and one 19.63 spike","NTFS hardlink"
"reference\needs_mapping\sewer_level_hourly_gangnam_2023_2025\2024-06-12하수수위60분현황.xlsx","C:\2026_Mareungil\data\서울특별시 강남구_하수관로 수위현황_20250908\2024-06-12하수수위60분현황.xlsx","20042","multiyear_candidate","mapping_and_unit_required","Address columns require mapping to UNQ_NO; negative values and one 19.63 spike","NTFS hardlink"
"reference\needs_mapping\sewer_level_hourly_gangnam_2023_2025\2024-06-13하수수위60분현황.xlsx","C:\2026_Mareungil\data\서울특별시 강남구_하수관로 수위현황_20250908\2024-06-13하수수위60분현황.xlsx","20047","multiyear_candidate","mapping_and_unit_required","Address columns require mapping to UNQ_NO; negative values and one 19.63 spike","NTFS hardlink"
"reference\needs_mapping\sewer_level_hourly_gangnam_2023_2025\2024-06-14하수수위60분현황.xlsx","C:\2026_Mareungil\data\서울특별시 강남구_하수관로 수위현황_20250908\2024-06-14하수수위60분현황.xlsx","19996","multiyear_candidate","mapping_and_unit_required","Address columns require mapping to UNQ_NO; negative values and one 19.63 spike","NTFS hardlink"
"reference\needs_mapping\sewer_level_hourly_gangnam_2023_2025\2024-06-15하수수위60분현황.xlsx","C:\2026_Mareungil\data\서울특별시 강남구_하수관로 수위현황_20250908\2024-06-15하수수위60분현황.xlsx","20111","multiyear_candidate","mapping_and_unit_required","Address columns require mapping to UNQ_NO; negative values and one 19.63 spike","NTFS hardlink"
"reference\needs_mapping\sewer_level_hourly_gangnam_2023_2025\2024-06-16하수수위60분현황.xlsx","C:\2026_Mareungil\data\서울특별시 강남구_하수관로 수위현황_20250908\2024-06-16하수수위60분현황.xlsx","19942","multiyear_candidate","mapping_and_unit_required","Address columns require mapping to UNQ_NO; negative values and one 19.63 spike","NTFS hardlink"
"reference\needs_mapping\sewer_level_hourly_gangnam_2023_2025\2024-06-17하수수위60분현황.xlsx","C:\2026_Mareungil\data\서울특별시 강남구_하수관로 수위현황_20250908\2024-06-17하수수위60분현황.xlsx","19985","multiyear_candidate","mapping_and_unit_required","Address columns require mapping to UNQ_NO; negative values and one 19.63 spike","NTFS hardlink"
"reference\needs_mapping\sewer_level_hourly_gangnam_2023_2025\2024-06-18하수수위60분현황.xlsx","C:\2026_Mareungil\data\서울특별시 강남구_하수관로 수위현황_20250908\2024-06-18하수수위60분현황.xlsx","19970","multiyear_candidate","mapping_and_unit_required","Address columns require mapping to UNQ_NO; negative values and one 19.63 spike","NTFS hardlink"
"reference\needs_mapping\sewer_level_hourly_gangnam_2023_2025\2024-06-19하수수위60분현황.xlsx","C:\2026_Mareungil\data\서울특별시 강남구_하수관로 수위현황_20250908\2024-06-19하수수위60분현황.xlsx","19975","multiyear_candidate","mapping_and_unit_required","Address columns require mapping to UNQ_NO; negative values and one 19.63 spike","NTFS hardlink"
"reference\needs_mapping\sewer_level_hourly_gangnam_2023_2025\2024-06-20하수수위60분현황.xlsx","C:\2026_Mareungil\data\서울특별시 강남구_하수관로 수위현황_20250908\2024-06-20하수수위60분현황.xlsx","19947","multiyear_candidate","mapping_and_unit_required","Address columns require mapping to UNQ_NO; negative values and one 19.63 spike","NTFS hardlink"
"reference\needs_mapping\sewer_level_hourly_gangnam_2023_2025\2024-06-21하수수위60분현황.xlsx","C:\2026_Mareungil\data\서울특별시 강남구_하수관로 수위현황_20250908\2024-06-21하수수위60분현황.xlsx","19942","multiyear_candidate","mapping_and_unit_required","Address columns require mapping to UNQ_NO; negative values and one 19.63 spike","NTFS hardlink"
"reference\needs_mapping\sewer_level_hourly_gangnam_2023_2025\2024-06-22하수수위60분현황.xlsx","C:\2026_Mareungil\data\서울특별시 강남구_하수관로 수위현황_20250908\2024-06-22하수수위60분현황.xlsx","20238","multiyear_candidate","mapping_and_unit_required","Address columns require mapping to UNQ_NO; negative values and one 19.63 spike","NTFS hardlink"
"reference\needs_mapping\sewer_level_hourly_gangnam_2023_2025\2024-06-23하수수위60분현황.xlsx","C:\2026_Mareungil\data\서울특별시 강남구_하수관로 수위현황_20250908\2024-06-23하수수위60분현황.xlsx","20168","multiyear_candidate","mapping_and_unit_required","Address columns require mapping to UNQ_NO; negative values and one 19.63 spike","NTFS hardlink"
"reference\needs_mapping\sewer_level_hourly_gangnam_2023_2025\2024-06-24하수수위60분현황.xlsx","C:\2026_Mareungil\data\서울특별시 강남구_하수관로 수위현황_20250908\2024-06-24하수수위60분현황.xlsx","20117","multiyear_candidate","mapping_and_unit_required","Address columns require mapping to UNQ_NO; negative values and one 19.63 spike","NTFS hardlink"
"reference\needs_mapping\sewer_level_hourly_gangnam_2023_2025\2024-06-25하수수위60분현황.xlsx","C:\2026_Mareungil\data\서울특별시 강남구_하수관로 수위현황_20250908\2024-06-25하수수위60분현황.xlsx","20189","multiyear_candidate","mapping_and_unit_required","Address columns require mapping to UNQ_NO; negative values and one 19.63 spike","NTFS hardlink"
"reference\needs_mapping\sewer_level_hourly_gangnam_2023_2025\2024-06-26하수수위60분현황.xlsx","C:\2026_Mareungil\data\서울특별시 강남구_하수관로 수위현황_20250908\2024-06-26하수수위60분현황.xlsx","20079","multiyear_candidate","mapping_and_unit_required","Address columns require mapping to UNQ_NO; negative values and one 19.63 spike","NTFS hardlink"
"reference\needs_mapping\sewer_level_hourly_gangnam_2023_2025\2024-06-27하수수위60분현황.xlsx","C:\2026_Mareungil\data\서울특별시 강남구_하수관로 수위현황_20250908\2024-06-27하수수위60분현황.xlsx","20089","multiyear_candidate","mapping_and_unit_required","Address columns require mapping to UNQ_NO; negative values and one 19.63 spike","NTFS hardlink"
"reference\needs_mapping\sewer_level_hourly_gangnam_2023_2025\2024-06-28하수수위60분현황.xlsx","C:\2026_Mareungil\data\서울특별시 강남구_하수관로 수위현황_20250908\2024-06-28하수수위60분현황.xlsx","20158","multiyear_candidate","mapping_and_unit_required","Address columns require mapping to UNQ_NO; negative values and one 19.63 spike","NTFS hardlink"
"reference\needs_mapping\sewer_level_hourly_gangnam_2023_2025\2024-06-29하수수위60분현황.xlsx","C:\2026_Mareungil\data\서울특별시 강남구_하수관로 수위현황_20250908\2024-06-29하수수위60분현황.xlsx","20368","multiyear_candidate","mapping_and_unit_required","Address columns require mapping to UNQ_NO; negative values and one 19.63 spike","NTFS hardlink"
"reference\needs_mapping\sewer_level_hourly_gangnam_2023_2025\2024-06-30하수수위60분현황.xlsx","C:\2026_Mareungil\data\서울특별시 강남구_하수관로 수위현황_20250908\2024-06-30하수수위60분현황.xlsx","20358","multiyear_candidate","mapping_and_unit_required","Address columns require mapping to UNQ_NO; negative values and one 19.63 spike","NTFS hardlink"
"reference\needs_mapping\sewer_level_hourly_gangnam_2023_2025\2024-07-01하수수위60분현황.xlsx","C:\2026_Mareungil\data\서울특별시 강남구_하수관로 수위현황_20250908\2024-07-01하수수위60분현황.xlsx","20018","multiyear_candidate","mapping_and_unit_required","Address columns require mapping to UNQ_NO; negative values and one 19.63 spike","NTFS hardlink"
"reference\needs_mapping\sewer_level_hourly_gangnam_2023_2025\2024-07-02하수수위60분현황.xlsx","C:\2026_Mareungil\data\서울특별시 강남구_하수관로 수위현황_20250908\2024-07-02하수수위60분현황.xlsx","20601","multiyear_candidate","mapping_and_unit_required","Address columns require mapping to UNQ_NO; negative values and one 19.63 spike","NTFS hardlink"
"reference\needs_mapping\sewer_level_hourly_gangnam_2023_2025\2024-07-03하수수위60분현황.xlsx","C:\2026_Mareungil\data\서울특별시 강남구_하수관로 수위현황_20250908\2024-07-03하수수위60분현황.xlsx","20149","multiyear_candidate","mapping_and_unit_required","Address columns require mapping to UNQ_NO; negative values and one 19.63 spike","NTFS hardlink"
"reference\needs_mapping\sewer_level_hourly_gangnam_2023_2025\2024-07-04하수수위60분현황.xlsx","C:\2026_Mareungil\data\서울특별시 강남구_하수관로 수위현황_20250908\2024-07-04하수수위60분현황.xlsx","20199","multiyear_candidate","mapping_and_unit_required","Address columns require mapping to UNQ_NO; negative values and one 19.63 spike","NTFS hardlink"
"reference\needs_mapping\sewer_level_hourly_gangnam_2023_2025\2024-07-05하수수위60분현황.xlsx","C:\2026_Mareungil\data\서울특별시 강남구_하수관로 수위현황_20250908\2024-07-05하수수위60분현황.xlsx","20213","multiyear_candidate","mapping_and_unit_required","Address columns require mapping to UNQ_NO; negative values and one 19.63 spike","NTFS hardlink"
"reference\needs_mapping\sewer_level_hourly_gangnam_2023_2025\2024-07-06하수수위60분현황.xlsx","C:\2026_Mareungil\data\서울특별시 강남구_하수관로 수위현황_20250908\2024-07-06하수수위60분현황.xlsx","20138","multiyear_candidate","mapping_and_unit_required","Address columns require mapping to UNQ_NO; negative values and one 19.63 spike","NTFS hardlink"
"reference\needs_mapping\sewer_level_hourly_gangnam_2023_2025\2024-07-07하수수위60분현황.xlsx","C:\2026_Mareungil\data\서울특별시 강남구_하수관로 수위현황_20250908\2024-07-07하수수위60분현황.xlsx","20337","multiyear_candidate","mapping_and_unit_required","Address columns require mapping to UNQ_NO; negative values and one 19.63 spike","NTFS hardlink"
"reference\needs_mapping\sewer_level_hourly_gangnam_2023_2025\2024-07-08하수수위60분현황.xlsx","C:\2026_Mareungil\data\서울특별시 강남구_하수관로 수위현황_20250908\2024-07-08하수수위60분현황.xlsx","20443","multiyear_candidate","mapping_and_unit_required","Address columns require mapping to UNQ_NO; negative values and one 19.63 spike","NTFS hardlink"
"reference\needs_mapping\sewer_level_hourly_gangnam_2023_2025\2024-07-09하수수위60분현황.xlsx","C:\2026_Mareungil\data\서울특별시 강남구_하수관로 수위현황_20250908\2024-07-09하수수위60분현황.xlsx","20128","multiyear_candidate","mapping_and_unit_required","Address columns require mapping to UNQ_NO; negative values and one 19.63 spike","NTFS hardlink"
"reference\needs_mapping\sewer_level_hourly_gangnam_2023_2025\2024-07-10하수수위60분현황.xlsx","C:\2026_Mareungil\data\서울특별시 강남구_하수관로 수위현황_20250908\2024-07-10하수수위60분현황.xlsx","20231","multiyear_candidate","mapping_and_unit_required","Address columns require mapping to UNQ_NO; negative values and one 19.63 spike","NTFS hardlink"
"reference\needs_mapping\sewer_level_hourly_gangnam_2023_2025\2024-07-11하수수위60분현황.xlsx","C:\2026_Mareungil\data\서울특별시 강남구_하수관로 수위현황_20250908\2024-07-11하수수위60분현황.xlsx","19999","multiyear_candidate","mapping_and_unit_required","Address columns require mapping to UNQ_NO; negative values and one 19.63 spike","NTFS hardlink"
"reference\needs_mapping\sewer_level_hourly_gangnam_2023_2025\2024-07-12하수수위60분현황.xlsx","C:\2026_Mareungil\data\서울특별시 강남구_하수관로 수위현황_20250908\2024-07-12하수수위60분현황.xlsx","20078","multiyear_candidate","mapping_and_unit_required","Address columns require mapping to UNQ_NO; negative values and one 19.63 spike","NTFS hardlink"
"reference\needs_mapping\sewer_level_hourly_gangnam_2023_2025\2024-07-13하수수위60분현황.xlsx","C:\2026_Mareungil\data\서울특별시 강남구_하수관로 수위현황_20250908\2024-07-13하수수위60분현황.xlsx","20031","multiyear_candidate","mapping_and_unit_required","Address columns require mapping to UNQ_NO; negative values and one 19.63 spike","NTFS hardlink"
"reference\needs_mapping\sewer_level_hourly_gangnam_2023_2025\2024-07-14하수수위60분현황.xlsx","C:\2026_Mareungil\data\서울특별시 강남구_하수관로 수위현황_20250908\2024-07-14하수수위60분현황.xlsx","20030","multiyear_candidate","mapping_and_unit_required","Address columns require mapping to UNQ_NO; negative values and one 19.63 spike","NTFS hardlink"
"reference\needs_mapping\sewer_level_hourly_gangnam_2023_2025\2024-07-15하수수위60분현황.xlsx","C:\2026_Mareungil\data\서울특별시 강남구_하수관로 수위현황_20250908\2024-07-15하수수위60분현황.xlsx","20024","multiyear_candidate","mapping_and_unit_required","Address columns require mapping to UNQ_NO; negative values and one 19.63 spike","NTFS hardlink"
"reference\needs_mapping\sewer_level_hourly_gangnam_2023_2025\2024-07-16하수수위60분현황.xlsx","C:\2026_Mareungil\data\서울특별시 강남구_하수관로 수위현황_20250908\2024-07-16하수수위60분현황.xlsx","20357","multiyear_candidate","mapping_and_unit_required","Address columns require mapping to UNQ_NO; negative values and one 19.63 spike","NTFS hardlink"
"reference\needs_mapping\sewer_level_hourly_gangnam_2023_2025\2024-07-17하수수위60분현황.xlsx","C:\2026_Mareungil\data\서울특별시 강남구_하수관로 수위현황_20250908\2024-07-17하수수위60분현황.xlsx","20447","multiyear_candidate","mapping_and_unit_required","Address columns require mapping to UNQ_NO; negative values and one 19.63 spike","NTFS hardlink"
"reference\needs_mapping\sewer_level_hourly_gangnam_2023_2025\2024-07-18하수수위60분현황.xlsx","C:\2026_Mareungil\data\서울특별시 강남구_하수관로 수위현황_20250908\2024-07-18하수수위60분현황.xlsx","20885","multiyear_candidate","mapping_and_unit_required","Address columns require mapping to UNQ_NO; negative values and one 19.63 spike","NTFS hardlink"
"reference\needs_mapping\sewer_level_hourly_gangnam_2023_2025\2024-07-19하수수위60분현황.xlsx","C:\2026_Mareungil\data\서울특별시 강남구_하수관로 수위현황_20250908\2024-07-19하수수위60분현황.xlsx","20154","multiyear_candidate","mapping_and_unit_required","Address columns require mapping to UNQ_NO; negative values and one 19.63 spike","NTFS hardlink"
"reference\needs_mapping\sewer_level_hourly_gangnam_2023_2025\2024-07-20하수수위60분현황.xlsx","C:\2026_Mareungil\data\서울특별시 강남구_하수관로 수위현황_20250908\2024-07-20하수수위60분현황.xlsx","20404","multiyear_candidate","mapping_and_unit_required","Address columns require mapping to UNQ_NO; negative values and one 19.63 spike","NTFS hardlink"
"reference\needs_mapping\sewer_level_hourly_gangnam_2023_2025\2024-07-21하수수위60분현황.xlsx","C:\2026_Mareungil\data\서울특별시 강남구_하수관로 수위현황_20250908\2024-07-21하수수위60분현황.xlsx","20196","multiyear_candidate","mapping_and_unit_required","Address columns require mapping to UNQ_NO; negative values and one 19.63 spike","NTFS hardlink"
"reference\needs_mapping\sewer_level_hourly_gangnam_2023_2025\2024-07-22하수수위60분현황.xlsx","C:\2026_Mareungil\data\서울특별시 강남구_하수관로 수위현황_20250908\2024-07-22하수수위60분현황.xlsx","20563","multiyear_candidate","mapping_and_unit_required","Address columns require mapping to UNQ_NO; negative values and one 19.63 spike","NTFS hardlink"
"reference\needs_mapping\sewer_level_hourly_gangnam_2023_2025\2024-07-23하수수위60분현황.xlsx","C:\2026_Mareungil\data\서울특별시 강남구_하수관로 수위현황_20250908\2024-07-23하수수위60분현황.xlsx","20316","multiyear_candidate","mapping_and_unit_required","Address columns require mapping to UNQ_NO; negative values and one 19.63 spike","NTFS hardlink"
"reference\needs_mapping\sewer_level_hourly_gangnam_2023_2025\2024-07-24하수수위60분현황.xlsx","C:\2026_Mareungil\data\서울특별시 강남구_하수관로 수위현황_20250908\2024-07-24하수수위60분현황.xlsx","20442","multiyear_candidate","mapping_and_unit_required","Address columns require mapping to UNQ_NO; negative values and one 19.63 spike","NTFS hardlink"
"reference\needs_mapping\sewer_level_hourly_gangnam_2023_2025\2024-07-25하수수위60분현황.xlsx","C:\2026_Mareungil\data\서울특별시 강남구_하수관로 수위현황_20250908\2024-07-25하수수위60분현황.xlsx","20298","multiyear_candidate","mapping_and_unit_required","Address columns require mapping to UNQ_NO; negative values and one 19.63 spike","NTFS hardlink"
"reference\needs_mapping\sewer_level_hourly_gangnam_2023_2025\2024-07-26하수수위60분현황.xlsx","C:\2026_Mareungil\data\서울특별시 강남구_하수관로 수위현황_20250908\2024-07-26하수수위60분현황.xlsx","20325","multiyear_candidate","mapping_and_unit_required","Address columns require mapping to UNQ_NO; negative values and one 19.63 spike","NTFS hardlink"
"reference\needs_mapping\sewer_level_hourly_gangnam_2023_2025\2024-07-27하수수위60분현황.xlsx","C:\2026_Mareungil\data\서울특별시 강남구_하수관로 수위현황_20250908\2024-07-27하수수위60분현황.xlsx","20345","multiyear_candidate","mapping_and_unit_required","Address columns require mapping to UNQ_NO; negative values and one 19.63 spike","NTFS hardlink"
"reference\needs_mapping\sewer_level_hourly_gangnam_2023_2025\2024-07-28하수수위60분현황.xlsx","C:\2026_Mareungil\data\서울특별시 강남구_하수관로 수위현황_20250908\2024-07-28하수수위60분현황.xlsx","20024","multiyear_candidate","mapping_and_unit_required","Address columns require mapping to UNQ_NO; negative values and one 19.63 spike","NTFS hardlink"
"reference\needs_mapping\sewer_level_hourly_gangnam_2023_2025\2024-07-29하수수위60분현황.xlsx","C:\2026_Mareungil\data\서울특별시 강남구_하수관로 수위현황_20250908\2024-07-29하수수위60분현황.xlsx","20064","multiyear_candidate","mapping_and_unit_required","Address columns require mapping to UNQ_NO; negative values and one 19.63 spike","NTFS hardlink"
"reference\needs_mapping\sewer_level_hourly_gangnam_2023_2025\2024-07-30하수수위60분현황.xlsx","C:\2026_Mareungil\data\서울특별시 강남구_하수관로 수위현황_20250908\2024-07-30하수수위60분현황.xlsx","20027","multiyear_candidate","mapping_and_unit_required","Address columns require mapping to UNQ_NO; negative values and one 19.63 spike","NTFS hardlink"
"reference\needs_mapping\sewer_level_hourly_gangnam_2023_2025\2024-07-31하수수위60분현황.xlsx","C:\2026_Mareungil\data\서울특별시 강남구_하수관로 수위현황_20250908\2024-07-31하수수위60분현황.xlsx","20067","multiyear_candidate","mapping_and_unit_required","Address columns require mapping to UNQ_NO; negative values and one 19.63 spike","NTFS hardlink"
"reference\needs_mapping\sewer_level_hourly_gangnam_2023_2025\2024-08-01하수수위60분현황.xlsx","C:\2026_Mareungil\data\서울특별시 강남구_하수관로 수위현황_20250908\2024-08-01하수수위60분현황.xlsx","20094","multiyear_candidate","mapping_and_unit_required","Address columns require mapping to UNQ_NO; negative values and one 19.63 spike","NTFS hardlink"
"reference\needs_mapping\sewer_level_hourly_gangnam_2023_2025\2024-08-02하수수위60분현황.xlsx","C:\2026_Mareungil\data\서울특별시 강남구_하수관로 수위현황_20250908\2024-08-02하수수위60분현황.xlsx","19856","multiyear_candidate","mapping_and_unit_required","Address columns require mapping to UNQ_NO; negative values and one 19.63 spike","NTFS hardlink"
"reference\needs_mapping\sewer_level_hourly_gangnam_2023_2025\2024-08-03하수수위60분현황.xlsx","C:\2026_Mareungil\data\서울특별시 강남구_하수관로 수위현황_20250908\2024-08-03하수수위60분현황.xlsx","20202","multiyear_candidate","mapping_and_unit_required","Address columns require mapping to UNQ_NO; negative values and one 19.63 spike","NTFS hardlink"
"reference\needs_mapping\sewer_level_hourly_gangnam_2023_2025\2024-08-04하수수위60분현황.xlsx","C:\2026_Mareungil\data\서울특별시 강남구_하수관로 수위현황_20250908\2024-08-04하수수위60분현황.xlsx","20102","multiyear_candidate","mapping_and_unit_required","Address columns require mapping to UNQ_NO; negative values and one 19.63 spike","NTFS hardlink"
"reference\needs_mapping\sewer_level_hourly_gangnam_2023_2025\2024-08-05하수수위60분현황.xlsx","C:\2026_Mareungil\data\서울특별시 강남구_하수관로 수위현황_20250908\2024-08-05하수수위60분현황.xlsx","20373","multiyear_candidate","mapping_and_unit_required","Address columns require mapping to UNQ_NO; negative values and one 19.63 spike","NTFS hardlink"
"reference\needs_mapping\sewer_level_hourly_gangnam_2023_2025\2024-08-06하수수위60분현황.xlsx","C:\2026_Mareungil\data\서울특별시 강남구_하수관로 수위현황_20250908\2024-08-06하수수위60분현황.xlsx","20312","multiyear_candidate","mapping_and_unit_required","Address columns require mapping to UNQ_NO; negative values and one 19.63 spike","NTFS hardlink"
"reference\needs_mapping\sewer_level_hourly_gangnam_2023_2025\2024-08-07하수수위60분현황.xlsx","C:\2026_Mareungil\data\서울특별시 강남구_하수관로 수위현황_20250908\2024-08-07하수수위60분현황.xlsx","20229","multiyear_candidate","mapping_and_unit_required","Address columns require mapping to UNQ_NO; negative values and one 19.63 spike","NTFS hardlink"
"reference\needs_mapping\sewer_level_hourly_gangnam_2023_2025\2024-08-08하수수위60분현황.xlsx","C:\2026_Mareungil\data\서울특별시 강남구_하수관로 수위현황_20250908\2024-08-08하수수위60분현황.xlsx","20461","multiyear_candidate","mapping_and_unit_required","Address columns require mapping to UNQ_NO; negative values and one 19.63 spike","NTFS hardlink"
"reference\needs_mapping\sewer_level_hourly_gangnam_2023_2025\2024-08-09하수수위60분현황.xlsx","C:\2026_Mareungil\data\서울특별시 강남구_하수관로 수위현황_20250908\2024-08-09하수수위60분현황.xlsx","20053","multiyear_candidate","mapping_and_unit_required","Address columns require mapping to UNQ_NO; negative values and one 19.63 spike","NTFS hardlink"
"reference\needs_mapping\sewer_level_hourly_gangnam_2023_2025\2024-08-10하수수위60분현황.xlsx","C:\2026_Mareungil\data\서울특별시 강남구_하수관로 수위현황_20250908\2024-08-10하수수위60분현황.xlsx","20031","multiyear_candidate","mapping_and_unit_required","Address columns require mapping to UNQ_NO; negative values and one 19.63 spike","NTFS hardlink"
"reference\needs_mapping\sewer_level_hourly_gangnam_2023_2025\2024-08-11하수수위60분현황.xlsx","C:\2026_Mareungil\data\서울특별시 강남구_하수관로 수위현황_20250908\2024-08-11하수수위60분현황.xlsx","20016","multiyear_candidate","mapping_and_unit_required","Address columns require mapping to UNQ_NO; negative values and one 19.63 spike","NTFS hardlink"
"reference\needs_mapping\sewer_level_hourly_gangnam_2023_2025\2024-08-12하수수위60분현황.xlsx","C:\2026_Mareungil\data\서울특별시 강남구_하수관로 수위현황_20250908\2024-08-12하수수위60분현황.xlsx","20049","multiyear_candidate","mapping_and_unit_required","Address columns require mapping to UNQ_NO; negative values and one 19.63 spike","NTFS hardlink"
"reference\needs_mapping\sewer_level_hourly_gangnam_2023_2025\2024-08-13하수수위60분현황.xlsx","C:\2026_Mareungil\data\서울특별시 강남구_하수관로 수위현황_20250908\2024-08-13하수수위60분현황.xlsx","20448","multiyear_candidate","mapping_and_unit_required","Address columns require mapping to UNQ_NO; negative values and one 19.63 spike","NTFS hardlink"
"reference\needs_mapping\sewer_level_hourly_gangnam_2023_2025\2024-08-14하수수위60분현황.xlsx","C:\2026_Mareungil\data\서울특별시 강남구_하수관로 수위현황_20250908\2024-08-14하수수위60분현황.xlsx","19863","multiyear_candidate","mapping_and_unit_required","Address columns require mapping to UNQ_NO; negative values and one 19.63 spike","NTFS hardlink"
"reference\needs_mapping\sewer_level_hourly_gangnam_2023_2025\2024-08-15하수수위60분현황.xlsx","C:\2026_Mareungil\data\서울특별시 강남구_하수관로 수위현황_20250908\2024-08-15하수수위60분현황.xlsx","20224","multiyear_candidate","mapping_and_unit_required","Address columns require mapping to UNQ_NO; negative values and one 19.63 spike","NTFS hardlink"
"reference\needs_mapping\sewer_level_hourly_gangnam_2023_2025\2024-08-16하수수위60분현황.xlsx","C:\2026_Mareungil\data\서울특별시 강남구_하수관로 수위현황_20250908\2024-08-16하수수위60분현황.xlsx","20006","multiyear_candidate","mapping_and_unit_required","Address columns require mapping to UNQ_NO; negative values and one 19.63 spike","NTFS hardlink"
"reference\needs_mapping\sewer_level_hourly_gangnam_2023_2025\2024-08-17하수수위60분현황.xlsx","C:\2026_Mareungil\data\서울특별시 강남구_하수관로 수위현황_20250908\2024-08-17하수수위60분현황.xlsx","20012","multiyear_candidate","mapping_and_unit_required","Address columns require mapping to UNQ_NO; negative values and one 19.63 spike","NTFS hardlink"
"reference\needs_mapping\sewer_level_hourly_gangnam_2023_2025\2024-08-18하수수위60분현황.xlsx","C:\2026_Mareungil\data\서울특별시 강남구_하수관로 수위현황_20250908\2024-08-18하수수위60분현황.xlsx","19952","multiyear_candidate","mapping_and_unit_required","Address columns require mapping to UNQ_NO; negative values and one 19.63 spike","NTFS hardlink"
"reference\needs_mapping\sewer_level_hourly_gangnam_2023_2025\2024-08-19하수수위60분현황.xlsx","C:\2026_Mareungil\data\서울특별시 강남구_하수관로 수위현황_20250908\2024-08-19하수수위60분현황.xlsx","20037","multiyear_candidate","mapping_and_unit_required","Address columns require mapping to UNQ_NO; negative values and one 19.63 spike","NTFS hardlink"
"reference\needs_mapping\sewer_level_hourly_gangnam_2023_2025\2024-08-20하수수위60분현황.xlsx","C:\2026_Mareungil\data\서울특별시 강남구_하수관로 수위현황_20250908\2024-08-20하수수위60분현황.xlsx","19984","multiyear_candidate","mapping_and_unit_required","Address columns require mapping to UNQ_NO; negative values and one 19.63 spike","NTFS hardlink"
"reference\needs_mapping\sewer_level_hourly_gangnam_2023_2025\2024-08-21하수수위60분현황.xlsx","C:\2026_Mareungil\data\서울특별시 강남구_하수관로 수위현황_20250908\2024-08-21하수수위60분현황.xlsx","20550","multiyear_candidate","mapping_and_unit_required","Address columns require mapping to UNQ_NO; negative values and one 19.63 spike","NTFS hardlink"
"reference\needs_mapping\sewer_level_hourly_gangnam_2023_2025\2024-08-22하수수위60분현황.xlsx","C:\2026_Mareungil\data\서울특별시 강남구_하수관로 수위현황_20250908\2024-08-22하수수위60분현황.xlsx","20016","multiyear_candidate","mapping_and_unit_required","Address columns require mapping to UNQ_NO; negative values and one 19.63 spike","NTFS hardlink"
"reference\needs_mapping\sewer_level_hourly_gangnam_2023_2025\2024-08-23하수수위60분현황.xlsx","C:\2026_Mareungil\data\서울특별시 강남구_하수관로 수위현황_20250908\2024-08-23하수수위60분현황.xlsx","20010","multiyear_candidate","mapping_and_unit_required","Address columns require mapping to UNQ_NO; negative values and one 19.63 spike","NTFS hardlink"
"reference\needs_mapping\sewer_level_hourly_gangnam_2023_2025\2024-08-24하수수위60분현황.xlsx","C:\2026_Mareungil\data\서울특별시 강남구_하수관로 수위현황_20250908\2024-08-24하수수위60분현황.xlsx","20163","multiyear_candidate","mapping_and_unit_required","Address columns require mapping to UNQ_NO; negative values and one 19.63 spike","NTFS hardlink"
"reference\needs_mapping\sewer_level_hourly_gangnam_2023_2025\2024-08-25하수수위60분현황.xlsx","C:\2026_Mareungil\data\서울특별시 강남구_하수관로 수위현황_20250908\2024-08-25하수수위60분현황.xlsx","19983","multiyear_candidate","mapping_and_unit_required","Address columns require mapping to UNQ_NO; negative values and one 19.63 spike","NTFS hardlink"
"reference\needs_mapping\sewer_level_hourly_gangnam_2023_2025\2024-08-26하수수위60분현황.xlsx","C:\2026_Mareungil\data\서울특별시 강남구_하수관로 수위현황_20250908\2024-08-26하수수위60분현황.xlsx","20202","multiyear_candidate","mapping_and_unit_required","Address columns require mapping to UNQ_NO; negative values and one 19.63 spike","NTFS hardlink"
"reference\needs_mapping\sewer_level_hourly_gangnam_2023_2025\2024-08-27하수수위60분현황.xlsx","C:\2026_Mareungil\data\서울특별시 강남구_하수관로 수위현황_20250908\2024-08-27하수수위60분현황.xlsx","20064","multiyear_candidate","mapping_and_unit_required","Address columns require mapping to UNQ_NO; negative values and one 19.63 spike","NTFS hardlink"
"reference\needs_mapping\sewer_level_hourly_gangnam_2023_2025\2024-08-28하수수위60분현황.xlsx","C:\2026_Mareungil\data\서울특별시 강남구_하수관로 수위현황_20250908\2024-08-28하수수위60분현황.xlsx","20021","multiyear_candidate","mapping_and_unit_required","Address columns require mapping to UNQ_NO; negative values and one 19.63 spike","NTFS hardlink"
"reference\needs_mapping\sewer_level_hourly_gangnam_2023_2025\2024-08-29하수수위60분현황.xlsx","C:\2026_Mareungil\data\서울특별시 강남구_하수관로 수위현황_20250908\2024-08-29하수수위60분현황.xlsx","20007","multiyear_candidate","mapping_and_unit_required","Address columns require mapping to UNQ_NO; negative values and one 19.63 spike","NTFS hardlink"
"reference\needs_mapping\sewer_level_hourly_gangnam_2023_2025\2024-08-30하수수위60분현황.xlsx","C:\2026_Mareungil\data\서울특별시 강남구_하수관로 수위현황_20250908\2024-08-30하수수위60분현황.xlsx","20047","multiyear_candidate","mapping_and_unit_required","Address columns require mapping to UNQ_NO; negative values and one 19.63 spike","NTFS hardlink"
"reference\needs_mapping\sewer_level_hourly_gangnam_2023_2025\2024-08-31하수수위60분현황.xlsx","C:\2026_Mareungil\data\서울특별시 강남구_하수관로 수위현황_20250908\2024-08-31하수수위60분현황.xlsx","19937","multiyear_candidate","mapping_and_unit_required","Address columns require mapping to UNQ_NO; negative values and one 19.63 spike","NTFS hardlink"
"reference\needs_mapping\sewer_level_hourly_gangnam_2023_2025\2024-09-01하수수위60분현황.xlsx","C:\2026_Mareungil\data\서울특별시 강남구_하수관로 수위현황_20250908\2024-09-01하수수위60분현황.xlsx","19971","multiyear_candidate","mapping_and_unit_required","Address columns require mapping to UNQ_NO; negative values and one 19.63 spike","NTFS hardlink"
"reference\needs_mapping\sewer_level_hourly_gangnam_2023_2025\2024-09-02하수수위60분현황.xlsx","C:\2026_Mareungil\data\서울특별시 강남구_하수관로 수위현황_20250908\2024-09-02하수수위60분현황.xlsx","20044","multiyear_candidate","mapping_and_unit_required","Address columns require mapping to UNQ_NO; negative values and one 19.63 spike","NTFS hardlink"
"reference\needs_mapping\sewer_level_hourly_gangnam_2023_2025\2024-09-03하수수위60분현황.xlsx","C:\2026_Mareungil\data\서울특별시 강남구_하수관로 수위현황_20250908\2024-09-03하수수위60분현황.xlsx","20012","multiyear_candidate","mapping_and_unit_required","Address columns require mapping to UNQ_NO; negative values and one 19.63 spike","NTFS hardlink"
"reference\needs_mapping\sewer_level_hourly_gangnam_2023_2025\2024-09-04하수수위60분현황.xlsx","C:\2026_Mareungil\data\서울특별시 강남구_하수관로 수위현황_20250908\2024-09-04하수수위60분현황.xlsx","20015","multiyear_candidate","mapping_and_unit_required","Address columns require mapping to UNQ_NO; negative values and one 19.63 spike","NTFS hardlink"
"reference\needs_mapping\sewer_level_hourly_gangnam_2023_2025\2024-09-05하수수위60분현황.xlsx","C:\2026_Mareungil\data\서울특별시 강남구_하수관로 수위현황_20250908\2024-09-05하수수위60분현황.xlsx","20276","multiyear_candidate","mapping_and_unit_required","Address columns require mapping to UNQ_NO; negative values and one 19.63 spike","NTFS hardlink"
"reference\needs_mapping\sewer_level_hourly_gangnam_2023_2025\2024-09-06하수수위60분현황.xlsx","C:\2026_Mareungil\data\서울특별시 강남구_하수관로 수위현황_20250908\2024-09-06하수수위60분현황.xlsx","20137","multiyear_candidate","mapping_and_unit_required","Address columns require mapping to UNQ_NO; negative values and one 19.63 spike","NTFS hardlink"
"reference\needs_mapping\sewer_level_hourly_gangnam_2023_2025\2024-09-07하수수위60분현황.xlsx","C:\2026_Mareungil\data\서울특별시 강남구_하수관로 수위현황_20250908\2024-09-07하수수위60분현황.xlsx","19969","multiyear_candidate","mapping_and_unit_required","Address columns require mapping to UNQ_NO; negative values and one 19.63 spike","NTFS hardlink"
"reference\needs_mapping\sewer_level_hourly_gangnam_2023_2025\2024-09-08하수수위60분현황.xlsx","C:\2026_Mareungil\data\서울특별시 강남구_하수관로 수위현황_20250908\2024-09-08하수수위60분현황.xlsx","19928","multiyear_candidate","mapping_and_unit_required","Address columns require mapping to UNQ_NO; negative values and one 19.63 spike","NTFS hardlink"
"reference\needs_mapping\sewer_level_hourly_gangnam_2023_2025\2024-09-09하수수위60분현황.xlsx","C:\2026_Mareungil\data\서울특별시 강남구_하수관로 수위현황_20250908\2024-09-09하수수위60분현황.xlsx","20038","multiyear_candidate","mapping_and_unit_required","Address columns require mapping to UNQ_NO; negative values and one 19.63 spike","NTFS hardlink"
"reference\needs_mapping\sewer_level_hourly_gangnam_2023_2025\2024-09-10하수수위60분현황.xlsx","C:\2026_Mareungil\data\서울특별시 강남구_하수관로 수위현황_20250908\2024-09-10하수수위60분현황.xlsx","20036","multiyear_candidate","mapping_and_unit_required","Address columns require mapping to UNQ_NO; negative values and one 19.63 spike","NTFS hardlink"
"reference\needs_mapping\sewer_level_hourly_gangnam_2023_2025\2024-09-11하수수위60분현황.xlsx","C:\2026_Mareungil\data\서울특별시 강남구_하수관로 수위현황_20250908\2024-09-11하수수위60분현황.xlsx","19971","multiyear_candidate","mapping_and_unit_required","Address columns require mapping to UNQ_NO; negative values and one 19.63 spike","NTFS hardlink"
"reference\needs_mapping\sewer_level_hourly_gangnam_2023_2025\2024-09-12하수수위60분현황.xlsx","C:\2026_Mareungil\data\서울특별시 강남구_하수관로 수위현황_20250908\2024-09-12하수수위60분현황.xlsx","20251","multiyear_candidate","mapping_and_unit_required","Address columns require mapping to UNQ_NO; negative values and one 19.63 spike","NTFS hardlink"
"reference\needs_mapping\sewer_level_hourly_gangnam_2023_2025\2024-09-13하수수위60분현황.xlsx","C:\2026_Mareungil\data\서울특별시 강남구_하수관로 수위현황_20250908\2024-09-13하수수위60분현황.xlsx","20306","multiyear_candidate","mapping_and_unit_required","Address columns require mapping to UNQ_NO; negative values and one 19.63 spike","NTFS hardlink"
"reference\needs_mapping\sewer_level_hourly_gangnam_2023_2025\2024-09-14하수수위60분현황.xlsx","C:\2026_Mareungil\data\서울특별시 강남구_하수관로 수위현황_20250908\2024-09-14하수수위60분현황.xlsx","20057","multiyear_candidate","mapping_and_unit_required","Address columns require mapping to UNQ_NO; negative values and one 19.63 spike","NTFS hardlink"
"reference\needs_mapping\sewer_level_hourly_gangnam_2023_2025\2024-09-15하수수위60분현황.xlsx","C:\2026_Mareungil\data\서울특별시 강남구_하수관로 수위현황_20250908\2024-09-15하수수위60분현황.xlsx","19908","multiyear_candidate","mapping_and_unit_required","Address columns require mapping to UNQ_NO; negative values and one 19.63 spike","NTFS hardlink"
"reference\needs_mapping\sewer_level_hourly_gangnam_2023_2025\2024-09-16하수수위60분현황.xlsx","C:\2026_Mareungil\data\서울특별시 강남구_하수관로 수위현황_20250908\2024-09-16하수수위60분현황.xlsx","20119","multiyear_candidate","mapping_and_unit_required","Address columns require mapping to UNQ_NO; negative values and one 19.63 spike","NTFS hardlink"
"reference\needs_mapping\sewer_level_hourly_gangnam_2023_2025\2024-09-17하수수위60분현황.xlsx","C:\2026_Mareungil\data\서울특별시 강남구_하수관로 수위현황_20250908\2024-09-17하수수위60분현황.xlsx","19929","multiyear_candidate","mapping_and_unit_required","Address columns require mapping to UNQ_NO; negative values and one 19.63 spike","NTFS hardlink"
"reference\needs_mapping\sewer_level_hourly_gangnam_2023_2025\2024-09-18하수수위60분현황.xlsx","C:\2026_Mareungil\data\서울특별시 강남구_하수관로 수위현황_20250908\2024-09-18하수수위60분현황.xlsx","19957","multiyear_candidate","mapping_and_unit_required","Address columns require mapping to UNQ_NO; negative values and one 19.63 spike","NTFS hardlink"
"reference\needs_mapping\sewer_level_hourly_gangnam_2023_2025\2024-09-19하수수위60분현황.xlsx","C:\2026_Mareungil\data\서울특별시 강남구_하수관로 수위현황_20250908\2024-09-19하수수위60분현황.xlsx","20050","multiyear_candidate","mapping_and_unit_required","Address columns require mapping to UNQ_NO; negative values and one 19.63 spike","NTFS hardlink"
"reference\needs_mapping\sewer_level_hourly_gangnam_2023_2025\2024-09-20하수수위60분현황.xlsx","C:\2026_Mareungil\data\서울특별시 강남구_하수관로 수위현황_20250908\2024-09-20하수수위60분현황.xlsx","20661","multiyear_candidate","mapping_and_unit_required","Address columns require mapping to UNQ_NO; negative values and one 19.63 spike","NTFS hardlink"
"reference\needs_mapping\sewer_level_hourly_gangnam_2023_2025\2024-09-21하수수위60분현황.xlsx","C:\2026_Mareungil\data\서울특별시 강남구_하수관로 수위현황_20250908\2024-09-21하수수위60분현황.xlsx","20417","multiyear_candidate","mapping_and_unit_required","Address columns require mapping to UNQ_NO; negative values and one 19.63 spike","NTFS hardlink"
"reference\needs_mapping\sewer_level_hourly_gangnam_2023_2025\2024-09-22하수수위60분현황.xlsx","C:\2026_Mareungil\data\서울특별시 강남구_하수관로 수위현황_20250908\2024-09-22하수수위60분현황.xlsx","20005","multiyear_candidate","mapping_and_unit_required","Address columns require mapping to UNQ_NO; negative values and one 19.63 spike","NTFS hardlink"
"reference\needs_mapping\sewer_level_hourly_gangnam_2023_2025\2024-09-23하수수위60분현황.xlsx","C:\2026_Mareungil\data\서울특별시 강남구_하수관로 수위현황_20250908\2024-09-23하수수위60분현황.xlsx","19982","multiyear_candidate","mapping_and_unit_required","Address columns require mapping to UNQ_NO; negative values and one 19.63 spike","NTFS hardlink"
"reference\needs_mapping\sewer_level_hourly_gangnam_2023_2025\2024-09-24하수수위60분현황.xlsx","C:\2026_Mareungil\data\서울특별시 강남구_하수관로 수위현황_20250908\2024-09-24하수수위60분현황.xlsx","20050","multiyear_candidate","mapping_and_unit_required","Address columns require mapping to UNQ_NO; negative values and one 19.63 spike","NTFS hardlink"
"reference\needs_mapping\sewer_level_hourly_gangnam_2023_2025\2024-09-25하수수위60분현황.xlsx","C:\2026_Mareungil\data\서울특별시 강남구_하수관로 수위현황_20250908\2024-09-25하수수위60분현황.xlsx","20033","multiyear_candidate","mapping_and_unit_required","Address columns require mapping to UNQ_NO; negative values and one 19.63 spike","NTFS hardlink"
"reference\needs_mapping\sewer_level_hourly_gangnam_2023_2025\2024-09-26하수수위60분현황.xlsx","C:\2026_Mareungil\data\서울특별시 강남구_하수관로 수위현황_20250908\2024-09-26하수수위60분현황.xlsx","20046","multiyear_candidate","mapping_and_unit_required","Address columns require mapping to UNQ_NO; negative values and one 19.63 spike","NTFS hardlink"
"reference\needs_mapping\sewer_level_hourly_gangnam_2023_2025\2024-09-27하수수위60분현황.xlsx","C:\2026_Mareungil\data\서울특별시 강남구_하수관로 수위현황_20250908\2024-09-27하수수위60분현황.xlsx","20056","multiyear_candidate","mapping_and_unit_required","Address columns require mapping to UNQ_NO; negative values and one 19.63 spike","NTFS hardlink"
"reference\needs_mapping\sewer_level_hourly_gangnam_2023_2025\2024-09-28하수수위60분현황.xlsx","C:\2026_Mareungil\data\서울특별시 강남구_하수관로 수위현황_20250908\2024-09-28하수수위60분현황.xlsx","20041","multiyear_candidate","mapping_and_unit_required","Address columns require mapping to UNQ_NO; negative values and one 19.63 spike","NTFS hardlink"
"reference\needs_mapping\sewer_level_hourly_gangnam_2023_2025\2024-09-29하수수위60분현황.xlsx","C:\2026_Mareungil\data\서울특별시 강남구_하수관로 수위현황_20250908\2024-09-29하수수위60분현황.xlsx","19931","multiyear_candidate","mapping_and_unit_required","Address columns require mapping to UNQ_NO; negative values and one 19.63 spike","NTFS hardlink"
"reference\needs_mapping\sewer_level_hourly_gangnam_2023_2025\2024-09-30하수수위60분현황.xlsx","C:\2026_Mareungil\data\서울특별시 강남구_하수관로 수위현황_20250908\2024-09-30하수수위60분현황.xlsx","20066","multiyear_candidate","mapping_and_unit_required","Address columns require mapping to UNQ_NO; negative values and one 19.63 spike","NTFS hardlink"
"reference\needs_mapping\sewer_level_hourly_gangnam_2023_2025\2024-10-01하수수위60분현황.xlsx","C:\2026_Mareungil\data\서울특별시 강남구_하수관로 수위현황_20250908\2024-10-01하수수위60분현황.xlsx","20049","multiyear_candidate","mapping_and_unit_required","Address columns require mapping to UNQ_NO; negative values and one 19.63 spike","NTFS hardlink"
"reference\needs_mapping\sewer_level_hourly_gangnam_2023_2025\2024-10-02하수수위60분현황.xlsx","C:\2026_Mareungil\data\서울특별시 강남구_하수관로 수위현황_20250908\2024-10-02하수수위60분현황.xlsx","20079","multiyear_candidate","mapping_and_unit_required","Address columns require mapping to UNQ_NO; negative values and one 19.63 spike","NTFS hardlink"
"reference\needs_mapping\sewer_level_hourly_gangnam_2023_2025\2024-10-03하수수위60분현황.xlsx","C:\2026_Mareungil\data\서울특별시 강남구_하수관로 수위현황_20250908\2024-10-03하수수위60분현황.xlsx","19928","multiyear_candidate","mapping_and_unit_required","Address columns require mapping to UNQ_NO; negative values and one 19.63 spike","NTFS hardlink"
"reference\needs_mapping\sewer_level_hourly_gangnam_2023_2025\2024-10-04하수수위60분현황.xlsx","C:\2026_Mareungil\data\서울특별시 강남구_하수관로 수위현황_20250908\2024-10-04하수수위60분현황.xlsx","20006","multiyear_candidate","mapping_and_unit_required","Address columns require mapping to UNQ_NO; negative values and one 19.63 spike","NTFS hardlink"
"reference\needs_mapping\sewer_level_hourly_gangnam_2023_2025\2024-10-05하수수위60분현황.xlsx","C:\2026_Mareungil\data\서울특별시 강남구_하수관로 수위현황_20250908\2024-10-05하수수위60분현황.xlsx","19984","multiyear_candidate","mapping_and_unit_required","Address columns require mapping to UNQ_NO; negative values and one 19.63 spike","NTFS hardlink"
"reference\needs_mapping\sewer_level_hourly_gangnam_2023_2025\2024-10-06하수수위60분현황.xlsx","C:\2026_Mareungil\data\서울특별시 강남구_하수관로 수위현황_20250908\2024-10-06하수수위60분현황.xlsx","19940","multiyear_candidate","mapping_and_unit_required","Address columns require mapping to UNQ_NO; negative values and one 19.63 spike","NTFS hardlink"
"reference\needs_mapping\sewer_level_hourly_gangnam_2023_2025\2024-10-07하수수위60분현황.xlsx","C:\2026_Mareungil\data\서울특별시 강남구_하수관로 수위현황_20250908\2024-10-07하수수위60분현황.xlsx","20028","multiyear_candidate","mapping_and_unit_required","Address columns require mapping to UNQ_NO; negative values and one 19.63 spike","NTFS hardlink"
"reference\needs_mapping\sewer_level_hourly_gangnam_2023_2025\2024-10-08하수수위60분현황.xlsx","C:\2026_Mareungil\data\서울특별시 강남구_하수관로 수위현황_20250908\2024-10-08하수수위60분현황.xlsx","20025","multiyear_candidate","mapping_and_unit_required","Address columns require mapping to UNQ_NO; negative values and one 19.63 spike","NTFS hardlink"
"reference\needs_mapping\sewer_level_hourly_gangnam_2023_2025\2024-10-09하수수위60분현황.xlsx","C:\2026_Mareungil\data\서울특별시 강남구_하수관로 수위현황_20250908\2024-10-09하수수위60분현황.xlsx","20001","multiyear_candidate","mapping_and_unit_required","Address columns require mapping to UNQ_NO; negative values and one 19.63 spike","NTFS hardlink"
"reference\needs_mapping\sewer_level_hourly_gangnam_2023_2025\2024-10-10하수수위60분현황.xlsx","C:\2026_Mareungil\data\서울특별시 강남구_하수관로 수위현황_20250908\2024-10-10하수수위60분현황.xlsx","20027","multiyear_candidate","mapping_and_unit_required","Address columns require mapping to UNQ_NO; negative values and one 19.63 spike","NTFS hardlink"
"reference\needs_mapping\sewer_level_hourly_gangnam_2023_2025\2024-10-11하수수위60분현황.xlsx","C:\2026_Mareungil\data\서울특별시 강남구_하수관로 수위현황_20250908\2024-10-11하수수위60분현황.xlsx","20070","multiyear_candidate","mapping_and_unit_required","Address columns require mapping to UNQ_NO; negative values and one 19.63 spike","NTFS hardlink"
"reference\needs_mapping\sewer_level_hourly_gangnam_2023_2025\2024-10-12하수수위60분현황.xlsx","C:\2026_Mareungil\data\서울특별시 강남구_하수관로 수위현황_20250908\2024-10-12하수수위60분현황.xlsx","20052","multiyear_candidate","mapping_and_unit_required","Address columns require mapping to UNQ_NO; negative values and one 19.63 spike","NTFS hardlink"
"reference\needs_mapping\sewer_level_hourly_gangnam_2023_2025\2024-10-13하수수위60분현황.xlsx","C:\2026_Mareungil\data\서울특별시 강남구_하수관로 수위현황_20250908\2024-10-13하수수위60분현황.xlsx","19942","multiyear_candidate","mapping_and_unit_required","Address columns require mapping to UNQ_NO; negative values and one 19.63 spike","NTFS hardlink"
"reference\needs_mapping\sewer_level_hourly_gangnam_2023_2025\2024-10-14하수수위60분현황.xlsx","C:\2026_Mareungil\data\서울특별시 강남구_하수관로 수위현황_20250908\2024-10-14하수수위60분현황.xlsx","20056","multiyear_candidate","mapping_and_unit_required","Address columns require mapping to UNQ_NO; negative values and one 19.63 spike","NTFS hardlink"
"reference\needs_mapping\sewer_level_hourly_gangnam_2023_2025\2024-10-15하수수위60분현황.xlsx","C:\2026_Mareungil\data\서울특별시 강남구_하수관로 수위현황_20250908\2024-10-15하수수위60분현황.xlsx","20053","multiyear_candidate","mapping_and_unit_required","Address columns require mapping to UNQ_NO; negative values and one 19.63 spike","NTFS hardlink"
"reference\needs_mapping\sewer_level_hourly_gangnam_2023_2025\2024-10-16하수수위60분현황.xlsx","C:\2026_Mareungil\data\서울특별시 강남구_하수관로 수위현황_20250908\2024-10-16하수수위60분현황.xlsx","20026","multiyear_candidate","mapping_and_unit_required","Address columns require mapping to UNQ_NO; negative values and one 19.63 spike","NTFS hardlink"
"reference\needs_mapping\sewer_level_hourly_gangnam_2023_2025\2024-10-17하수수위60분현황.xlsx","C:\2026_Mareungil\data\서울특별시 강남구_하수관로 수위현황_20250908\2024-10-17하수수위60분현황.xlsx","20018","multiyear_candidate","mapping_and_unit_required","Address columns require mapping to UNQ_NO; negative values and one 19.63 spike","NTFS hardlink"
"reference\needs_mapping\sewer_level_hourly_gangnam_2023_2025\2024-10-18하수수위60분현황.xlsx","C:\2026_Mareungil\data\서울특별시 강남구_하수관로 수위현황_20250908\2024-10-18하수수위60분현황.xlsx","20414","multiyear_candidate","mapping_and_unit_required","Address columns require mapping to UNQ_NO; negative values and one 19.63 spike","NTFS hardlink"
"reference\needs_mapping\sewer_level_hourly_gangnam_2023_2025\2024-10-19하수수위60분현황.xlsx","C:\2026_Mareungil\data\서울특별시 강남구_하수관로 수위현황_20250908\2024-10-19하수수위60분현황.xlsx","20040","multiyear_candidate","mapping_and_unit_required","Address columns require mapping to UNQ_NO; negative values and one 19.63 spike","NTFS hardlink"
"reference\needs_mapping\sewer_level_hourly_gangnam_2023_2025\2024-10-20하수수위60분현황.xlsx","C:\2026_Mareungil\data\서울특별시 강남구_하수관로 수위현황_20250908\2024-10-20하수수위60분현황.xlsx","19971","multiyear_candidate","mapping_and_unit_required","Address columns require mapping to UNQ_NO; negative values and one 19.63 spike","NTFS hardlink"
"reference\needs_mapping\sewer_level_hourly_gangnam_2023_2025\2024-10-21하수수위60분현황.xlsx","C:\2026_Mareungil\data\서울특별시 강남구_하수관로 수위현황_20250908\2024-10-21하수수위60분현황.xlsx","20053","multiyear_candidate","mapping_and_unit_required","Address columns require mapping to UNQ_NO; negative values and one 19.63 spike","NTFS hardlink"
"reference\needs_mapping\sewer_level_hourly_gangnam_2023_2025\2024-10-22하수수위60분현황.xlsx","C:\2026_Mareungil\data\서울특별시 강남구_하수관로 수위현황_20250908\2024-10-22하수수위60분현황.xlsx","20333","multiyear_candidate","mapping_and_unit_required","Address columns require mapping to UNQ_NO; negative values and one 19.63 spike","NTFS hardlink"
"reference\needs_mapping\sewer_level_hourly_gangnam_2023_2025\2024-10-23하수수위60분현황.xlsx","C:\2026_Mareungil\data\서울특별시 강남구_하수관로 수위현황_20250908\2024-10-23하수수위60분현황.xlsx","20210","multiyear_candidate","mapping_and_unit_required","Address columns require mapping to UNQ_NO; negative values and one 19.63 spike","NTFS hardlink"
"reference\needs_mapping\sewer_level_hourly_gangnam_2023_2025\2024-10-24하수수위60분현황.xlsx","C:\2026_Mareungil\data\서울특별시 강남구_하수관로 수위현황_20250908\2024-10-24하수수위60분현황.xlsx","20047","multiyear_candidate","mapping_and_unit_required","Address columns require mapping to UNQ_NO; negative values and one 19.63 spike","NTFS hardlink"
"reference\needs_mapping\sewer_level_hourly_gangnam_2023_2025\2024-10-25하수수위60분현황.xlsx","C:\2026_Mareungil\data\서울특별시 강남구_하수관로 수위현황_20250908\2024-10-25하수수위60분현황.xlsx","20204","multiyear_candidate","mapping_and_unit_required","Address columns require mapping to UNQ_NO; negative values and one 19.63 spike","NTFS hardlink"
"reference\needs_mapping\sewer_level_hourly_gangnam_2023_2025\2024-10-26하수수위60분현황.xlsx","C:\2026_Mareungil\data\서울특별시 강남구_하수관로 수위현황_20250908\2024-10-26하수수위60분현황.xlsx","20045","multiyear_candidate","mapping_and_unit_required","Address columns require mapping to UNQ_NO; negative values and one 19.63 spike","NTFS hardlink"
"reference\needs_mapping\sewer_level_hourly_gangnam_2023_2025\2024-10-27하수수위60분현황.xlsx","C:\2026_Mareungil\data\서울특별시 강남구_하수관로 수위현황_20250908\2024-10-27하수수위60분현황.xlsx","20018","multiyear_candidate","mapping_and_unit_required","Address columns require mapping to UNQ_NO; negative values and one 19.63 spike","NTFS hardlink"
"reference\needs_mapping\sewer_level_hourly_gangnam_2023_2025\2024-10-28하수수위60분현황.xlsx","C:\2026_Mareungil\data\서울특별시 강남구_하수관로 수위현황_20250908\2024-10-28하수수위60분현황.xlsx","20123","multiyear_candidate","mapping_and_unit_required","Address columns require mapping to UNQ_NO; negative values and one 19.63 spike","NTFS hardlink"
"reference\needs_mapping\sewer_level_hourly_gangnam_2023_2025\2024-10-29하수수위60분현황.xlsx","C:\2026_Mareungil\data\서울특별시 강남구_하수관로 수위현황_20250908\2024-10-29하수수위60분현황.xlsx","19930","multiyear_candidate","mapping_and_unit_required","Address columns require mapping to UNQ_NO; negative values and one 19.63 spike","NTFS hardlink"
"reference\needs_mapping\sewer_level_hourly_gangnam_2023_2025\2024-10-30하수수위60분현황.xlsx","C:\2026_Mareungil\data\서울특별시 강남구_하수관로 수위현황_20250908\2024-10-30하수수위60분현황.xlsx","19740","multiyear_candidate","mapping_and_unit_required","Address columns require mapping to UNQ_NO; negative values and one 19.63 spike","NTFS hardlink"
"reference\needs_mapping\sewer_level_hourly_gangnam_2023_2025\2024-10-31하수수위60분현황.xlsx","C:\2026_Mareungil\data\서울특별시 강남구_하수관로 수위현황_20250908\2024-10-31하수수위60분현황.xlsx","20034","multiyear_candidate","mapping_and_unit_required","Address columns require mapping to UNQ_NO; negative values and one 19.63 spike","NTFS hardlink"
"reference\needs_mapping\sewer_level_hourly_gangnam_2023_2025\2024-11-01하수수위60분현황.xlsx","C:\2026_Mareungil\data\서울특별시 강남구_하수관로 수위현황_20250908\2024-11-01하수수위60분현황.xlsx","20085","multiyear_candidate","mapping_and_unit_required","Address columns require mapping to UNQ_NO; negative values and one 19.63 spike","NTFS hardlink"
"reference\needs_mapping\sewer_level_hourly_gangnam_2023_2025\2024-11-02하수수위60분현황.xlsx","C:\2026_Mareungil\data\서울특별시 강남구_하수관로 수위현황_20250908\2024-11-02하수수위60분현황.xlsx","20049","multiyear_candidate","mapping_and_unit_required","Address columns require mapping to UNQ_NO; negative values and one 19.63 spike","NTFS hardlink"
"reference\needs_mapping\sewer_level_hourly_gangnam_2023_2025\2024-11-03하수수위60분현황.xlsx","C:\2026_Mareungil\data\서울특별시 강남구_하수관로 수위현황_20250908\2024-11-03하수수위60분현황.xlsx","20002","multiyear_candidate","mapping_and_unit_required","Address columns require mapping to UNQ_NO; negative values and one 19.63 spike","NTFS hardlink"
"reference\needs_mapping\sewer_level_hourly_gangnam_2023_2025\2024-11-04하수수위60분현황.xlsx","C:\2026_Mareungil\data\서울특별시 강남구_하수관로 수위현황_20250908\2024-11-04하수수위60분현황.xlsx","20084","multiyear_candidate","mapping_and_unit_required","Address columns require mapping to UNQ_NO; negative values and one 19.63 spike","NTFS hardlink"
"reference\needs_mapping\sewer_level_hourly_gangnam_2023_2025\2024-11-05하수수위60분현황.xlsx","C:\2026_Mareungil\data\서울특별시 강남구_하수관로 수위현황_20250908\2024-11-05하수수위60분현황.xlsx","19985","multiyear_candidate","mapping_and_unit_required","Address columns require mapping to UNQ_NO; negative values and one 19.63 spike","NTFS hardlink"
"reference\needs_mapping\sewer_level_hourly_gangnam_2023_2025\2024-11-06하수수위60분현황.xlsx","C:\2026_Mareungil\data\서울특별시 강남구_하수관로 수위현황_20250908\2024-11-06하수수위60분현황.xlsx","20038","multiyear_candidate","mapping_and_unit_required","Address columns require mapping to UNQ_NO; negative values and one 19.63 spike","NTFS hardlink"
"reference\needs_mapping\sewer_level_hourly_gangnam_2023_2025\2024-11-07하수수위60분현황.xlsx","C:\2026_Mareungil\data\서울특별시 강남구_하수관로 수위현황_20250908\2024-11-07하수수위60분현황.xlsx","20044","multiyear_candidate","mapping_and_unit_required","Address columns require mapping to UNQ_NO; negative values and one 19.63 spike","NTFS hardlink"
"reference\needs_mapping\sewer_level_hourly_gangnam_2023_2025\2024-11-08하수수위60분현황.xlsx","C:\2026_Mareungil\data\서울특별시 강남구_하수관로 수위현황_20250908\2024-11-08하수수위60분현황.xlsx","20069","multiyear_candidate","mapping_and_unit_required","Address columns require mapping to UNQ_NO; negative values and one 19.63 spike","NTFS hardlink"
"reference\needs_mapping\sewer_level_hourly_gangnam_2023_2025\2024-11-09하수수위60분현황.xlsx","C:\2026_Mareungil\data\서울특별시 강남구_하수관로 수위현황_20250908\2024-11-09하수수위60분현황.xlsx","19974","multiyear_candidate","mapping_and_unit_required","Address columns require mapping to UNQ_NO; negative values and one 19.63 spike","NTFS hardlink"
"reference\needs_mapping\sewer_level_hourly_gangnam_2023_2025\2024-11-10하수수위60분현황.xlsx","C:\2026_Mareungil\data\서울특별시 강남구_하수관로 수위현황_20250908\2024-11-10하수수위60분현황.xlsx","19968","multiyear_candidate","mapping_and_unit_required","Address columns require mapping to UNQ_NO; negative values and one 19.63 spike","NTFS hardlink"
"reference\needs_mapping\sewer_level_hourly_gangnam_2023_2025\2024-11-11하수수위60분현황.xlsx","C:\2026_Mareungil\data\서울특별시 강남구_하수관로 수위현황_20250908\2024-11-11하수수위60분현황.xlsx","20069","multiyear_candidate","mapping_and_unit_required","Address columns require mapping to UNQ_NO; negative values and one 19.63 spike","NTFS hardlink"
"reference\needs_mapping\sewer_level_hourly_gangnam_2023_2025\2024-11-12하수수위60분현황.xlsx","C:\2026_Mareungil\data\서울특별시 강남구_하수관로 수위현황_20250908\2024-11-12하수수위60분현황.xlsx","20069","multiyear_candidate","mapping_and_unit_required","Address columns require mapping to UNQ_NO; negative values and one 19.63 spike","NTFS hardlink"
"reference\needs_mapping\sewer_level_hourly_gangnam_2023_2025\2024-11-13하수수위60분현황.xlsx","C:\2026_Mareungil\data\서울특별시 강남구_하수관로 수위현황_20250908\2024-11-13하수수위60분현황.xlsx","20100","multiyear_candidate","mapping_and_unit_required","Address columns require mapping to UNQ_NO; negative values and one 19.63 spike","NTFS hardlink"
"reference\needs_mapping\sewer_level_hourly_gangnam_2023_2025\2024-11-14하수수위60분현황.xlsx","C:\2026_Mareungil\data\서울특별시 강남구_하수관로 수위현황_20250908\2024-11-14하수수위60분현황.xlsx","20083","multiyear_candidate","mapping_and_unit_required","Address columns require mapping to UNQ_NO; negative values and one 19.63 spike","NTFS hardlink"
"reference\needs_mapping\sewer_level_hourly_gangnam_2023_2025\2024-11-15하수수위60분현황.xlsx","C:\2026_Mareungil\data\서울특별시 강남구_하수관로 수위현황_20250908\2024-11-15하수수위60분현황.xlsx","20099","multiyear_candidate","mapping_and_unit_required","Address columns require mapping to UNQ_NO; negative values and one 19.63 spike","NTFS hardlink"
"reference\needs_mapping\sewer_level_hourly_gangnam_2023_2025\2024-11-16하수수위60분현황.xlsx","C:\2026_Mareungil\data\서울특별시 강남구_하수관로 수위현황_20250908\2024-11-16하수수위60분현황.xlsx","20249","multiyear_candidate","mapping_and_unit_required","Address columns require mapping to UNQ_NO; negative values and one 19.63 spike","NTFS hardlink"
"reference\needs_mapping\sewer_level_hourly_gangnam_2023_2025\2024-11-17하수수위60분현황.xlsx","C:\2026_Mareungil\data\서울특별시 강남구_하수관로 수위현황_20250908\2024-11-17하수수위60분현황.xlsx","20067","multiyear_candidate","mapping_and_unit_required","Address columns require mapping to UNQ_NO; negative values and one 19.63 spike","NTFS hardlink"
"reference\needs_mapping\sewer_level_hourly_gangnam_2023_2025\2024-11-18하수수위60분현황.xlsx","C:\2026_Mareungil\data\서울특별시 강남구_하수관로 수위현황_20250908\2024-11-18하수수위60분현황.xlsx","20114","multiyear_candidate","mapping_and_unit_required","Address columns require mapping to UNQ_NO; negative values and one 19.63 spike","NTFS hardlink"
"reference\needs_mapping\sewer_level_hourly_gangnam_2023_2025\2024-11-19하수수위60분현황.xlsx","C:\2026_Mareungil\data\서울특별시 강남구_하수관로 수위현황_20250908\2024-11-19하수수위60분현황.xlsx","20064","multiyear_candidate","mapping_and_unit_required","Address columns require mapping to UNQ_NO; negative values and one 19.63 spike","NTFS hardlink"
"reference\needs_mapping\sewer_level_hourly_gangnam_2023_2025\2024-11-20하수수위60분현황.xlsx","C:\2026_Mareungil\data\서울특별시 강남구_하수관로 수위현황_20250908\2024-11-20하수수위60분현황.xlsx","20040","multiyear_candidate","mapping_and_unit_required","Address columns require mapping to UNQ_NO; negative values and one 19.63 spike","NTFS hardlink"
"reference\needs_mapping\sewer_level_hourly_gangnam_2023_2025\2024-11-21하수수위60분현황.xlsx","C:\2026_Mareungil\data\서울특별시 강남구_하수관로 수위현황_20250908\2024-11-21하수수위60분현황.xlsx","20078","multiyear_candidate","mapping_and_unit_required","Address columns require mapping to UNQ_NO; negative values and one 19.63 spike","NTFS hardlink"
"reference\needs_mapping\sewer_level_hourly_gangnam_2023_2025\2024-11-22하수수위60분현황.xlsx","C:\2026_Mareungil\data\서울특별시 강남구_하수관로 수위현황_20250908\2024-11-22하수수위60분현황.xlsx","20080","multiyear_candidate","mapping_and_unit_required","Address columns require mapping to UNQ_NO; negative values and one 19.63 spike","NTFS hardlink"
"reference\needs_mapping\sewer_level_hourly_gangnam_2023_2025\2024-11-23하수수위60분현황.xlsx","C:\2026_Mareungil\data\서울특별시 강남구_하수관로 수위현황_20250908\2024-11-23하수수위60분현황.xlsx","20115","multiyear_candidate","mapping_and_unit_required","Address columns require mapping to UNQ_NO; negative values and one 19.63 spike","NTFS hardlink"
"reference\needs_mapping\sewer_level_hourly_gangnam_2023_2025\2024-11-24하수수위60분현황.xlsx","C:\2026_Mareungil\data\서울특별시 강남구_하수관로 수위현황_20250908\2024-11-24하수수위60분현황.xlsx","20072","multiyear_candidate","mapping_and_unit_required","Address columns require mapping to UNQ_NO; negative values and one 19.63 spike","NTFS hardlink"
"reference\needs_mapping\sewer_level_hourly_gangnam_2023_2025\2024-11-25하수수위60분현황.xlsx","C:\2026_Mareungil\data\서울특별시 강남구_하수관로 수위현황_20250908\2024-11-25하수수위60분현황.xlsx","20078","multiyear_candidate","mapping_and_unit_required","Address columns require mapping to UNQ_NO; negative values and one 19.63 spike","NTFS hardlink"
"reference\needs_mapping\sewer_level_hourly_gangnam_2023_2025\2024-11-26하수수위60분현황.xlsx","C:\2026_Mareungil\data\서울특별시 강남구_하수관로 수위현황_20250908\2024-11-26하수수위60분현황.xlsx","20441","multiyear_candidate","mapping_and_unit_required","Address columns require mapping to UNQ_NO; negative values and one 19.63 spike","NTFS hardlink"
"reference\needs_mapping\sewer_level_hourly_gangnam_2023_2025\2024-11-27하수수위60분현황.xlsx","C:\2026_Mareungil\data\서울특별시 강남구_하수관로 수위현황_20250908\2024-11-27하수수위60분현황.xlsx","20252","multiyear_candidate","mapping_and_unit_required","Address columns require mapping to UNQ_NO; negative values and one 19.63 spike","NTFS hardlink"
"reference\needs_mapping\sewer_level_hourly_gangnam_2023_2025\2024-11-28하수수위60분현황.xlsx","C:\2026_Mareungil\data\서울특별시 강남구_하수관로 수위현황_20250908\2024-11-28하수수위60분현황.xlsx","20114","multiyear_candidate","mapping_and_unit_required","Address columns require mapping to UNQ_NO; negative values and one 19.63 spike","NTFS hardlink"
"reference\needs_mapping\sewer_level_hourly_gangnam_2023_2025\2024-11-29하수수위60분현황.xlsx","C:\2026_Mareungil\data\서울특별시 강남구_하수관로 수위현황_20250908\2024-11-29하수수위60분현황.xlsx","20036","multiyear_candidate","mapping_and_unit_required","Address columns require mapping to UNQ_NO; negative values and one 19.63 spike","NTFS hardlink"
"reference\needs_mapping\sewer_level_hourly_gangnam_2023_2025\2024-11-30하수수위60분현황.xlsx","C:\2026_Mareungil\data\서울특별시 강남구_하수관로 수위현황_20250908\2024-11-30하수수위60분현황.xlsx","20046","multiyear_candidate","mapping_and_unit_required","Address columns require mapping to UNQ_NO; negative values and one 19.63 spike","NTFS hardlink"
"reference\needs_mapping\sewer_level_hourly_gangnam_2023_2025\2024-12-01하수수위60분현황.xlsx","C:\2026_Mareungil\data\서울특별시 강남구_하수관로 수위현황_20250908\2024-12-01하수수위60분현황.xlsx","20035","multiyear_candidate","mapping_and_unit_required","Address columns require mapping to UNQ_NO; negative values and one 19.63 spike","NTFS hardlink"
"reference\needs_mapping\sewer_level_hourly_gangnam_2023_2025\2024-12-02하수수위60분현황.xlsx","C:\2026_Mareungil\data\서울특별시 강남구_하수관로 수위현황_20250908\2024-12-02하수수위60분현황.xlsx","20055","multiyear_candidate","mapping_and_unit_required","Address columns require mapping to UNQ_NO; negative values and one 19.63 spike","NTFS hardlink"
"reference\needs_mapping\sewer_level_hourly_gangnam_2023_2025\2024-12-03하수수위60분현황.xlsx","C:\2026_Mareungil\data\서울특별시 강남구_하수관로 수위현황_20250908\2024-12-03하수수위60분현황.xlsx","20066","multiyear_candidate","mapping_and_unit_required","Address columns require mapping to UNQ_NO; negative values and one 19.63 spike","NTFS hardlink"
"reference\needs_mapping\sewer_level_hourly_gangnam_2023_2025\2024-12-04하수수위60분현황.xlsx","C:\2026_Mareungil\data\서울특별시 강남구_하수관로 수위현황_20250908\2024-12-04하수수위60분현황.xlsx","20077","multiyear_candidate","mapping_and_unit_required","Address columns require mapping to UNQ_NO; negative values and one 19.63 spike","NTFS hardlink"
"reference\needs_mapping\sewer_level_hourly_gangnam_2023_2025\2024-12-05하수수위60분현황.xlsx","C:\2026_Mareungil\data\서울특별시 강남구_하수관로 수위현황_20250908\2024-12-05하수수위60분현황.xlsx","20152","multiyear_candidate","mapping_and_unit_required","Address columns require mapping to UNQ_NO; negative values and one 19.63 spike","NTFS hardlink"
"reference\needs_mapping\sewer_level_hourly_gangnam_2023_2025\2024-12-06하수수위60분현황.xlsx","C:\2026_Mareungil\data\서울특별시 강남구_하수관로 수위현황_20250908\2024-12-06하수수위60분현황.xlsx","19898","multiyear_candidate","mapping_and_unit_required","Address columns require mapping to UNQ_NO; negative values and one 19.63 spike","NTFS hardlink"
"reference\needs_mapping\sewer_level_hourly_gangnam_2023_2025\2024-12-07하수수위60분현황.xlsx","C:\2026_Mareungil\data\서울특별시 강남구_하수관로 수위현황_20250908\2024-12-07하수수위60분현황.xlsx","19454","multiyear_candidate","mapping_and_unit_required","Address columns require mapping to UNQ_NO; negative values and one 19.63 spike","NTFS hardlink"
"reference\needs_mapping\sewer_level_hourly_gangnam_2023_2025\2024-12-08하수수위60분현황.xlsx","C:\2026_Mareungil\data\서울특별시 강남구_하수관로 수위현황_20250908\2024-12-08하수수위60분현황.xlsx","19963","multiyear_candidate","mapping_and_unit_required","Address columns require mapping to UNQ_NO; negative values and one 19.63 spike","NTFS hardlink"
"reference\needs_mapping\sewer_level_hourly_gangnam_2023_2025\2024-12-09하수수위60분현황.xlsx","C:\2026_Mareungil\data\서울특별시 강남구_하수관로 수위현황_20250908\2024-12-09하수수위60분현황.xlsx","20071","multiyear_candidate","mapping_and_unit_required","Address columns require mapping to UNQ_NO; negative values and one 19.63 spike","NTFS hardlink"
"reference\needs_mapping\sewer_level_hourly_gangnam_2023_2025\2024-12-10하수수위60분현황.xlsx","C:\2026_Mareungil\data\서울특별시 강남구_하수관로 수위현황_20250908\2024-12-10하수수위60분현황.xlsx","20091","multiyear_candidate","mapping_and_unit_required","Address columns require mapping to UNQ_NO; negative values and one 19.63 spike","NTFS hardlink"
"reference\needs_mapping\sewer_level_hourly_gangnam_2023_2025\2024-12-11하수수위60분현황.xlsx","C:\2026_Mareungil\data\서울특별시 강남구_하수관로 수위현황_20250908\2024-12-11하수수위60분현황.xlsx","20104","multiyear_candidate","mapping_and_unit_required","Address columns require mapping to UNQ_NO; negative values and one 19.63 spike","NTFS hardlink"
"reference\needs_mapping\sewer_level_hourly_gangnam_2023_2025\2024-12-12하수수위60분현황.xlsx","C:\2026_Mareungil\data\서울특별시 강남구_하수관로 수위현황_20250908\2024-12-12하수수위60분현황.xlsx","20074","multiyear_candidate","mapping_and_unit_required","Address columns require mapping to UNQ_NO; negative values and one 19.63 spike","NTFS hardlink"
"reference\needs_mapping\sewer_level_hourly_gangnam_2023_2025\2024-12-13하수수위60분현황.xlsx","C:\2026_Mareungil\data\서울특별시 강남구_하수관로 수위현황_20250908\2024-12-13하수수위60분현황.xlsx","20006","multiyear_candidate","mapping_and_unit_required","Address columns require mapping to UNQ_NO; negative values and one 19.63 spike","NTFS hardlink"
"reference\needs_mapping\sewer_level_hourly_gangnam_2023_2025\2024-12-14하수수위60분현황.xlsx","C:\2026_Mareungil\data\서울특별시 강남구_하수관로 수위현황_20250908\2024-12-14하수수위60분현황.xlsx","19999","multiyear_candidate","mapping_and_unit_required","Address columns require mapping to UNQ_NO; negative values and one 19.63 spike","NTFS hardlink"
"reference\needs_mapping\sewer_level_hourly_gangnam_2023_2025\2024-12-15하수수위60분현황.xlsx","C:\2026_Mareungil\data\서울특별시 강남구_하수관로 수위현황_20250908\2024-12-15하수수위60분현황.xlsx","19957","multiyear_candidate","mapping_and_unit_required","Address columns require mapping to UNQ_NO; negative values and one 19.63 spike","NTFS hardlink"
"reference\needs_mapping\sewer_level_hourly_gangnam_2023_2025\2024-12-16하수수위60분현황.xlsx","C:\2026_Mareungil\data\서울특별시 강남구_하수관로 수위현황_20250908\2024-12-16하수수위60분현황.xlsx","20030","multiyear_candidate","mapping_and_unit_required","Address columns require mapping to UNQ_NO; negative values and one 19.63 spike","NTFS hardlink"
"reference\needs_mapping\sewer_level_hourly_gangnam_2023_2025\2024-12-17하수수위60분현황.xlsx","C:\2026_Mareungil\data\서울특별시 강남구_하수관로 수위현황_20250908\2024-12-17하수수위60분현황.xlsx","20057","multiyear_candidate","mapping_and_unit_required","Address columns require mapping to UNQ_NO; negative values and one 19.63 spike","NTFS hardlink"
"reference\needs_mapping\sewer_level_hourly_gangnam_2023_2025\2024-12-18하수수위60분현황.xlsx","C:\2026_Mareungil\data\서울특별시 강남구_하수관로 수위현황_20250908\2024-12-18하수수위60분현황.xlsx","20051","multiyear_candidate","mapping_and_unit_required","Address columns require mapping to UNQ_NO; negative values and one 19.63 spike","NTFS hardlink"
"reference\needs_mapping\sewer_level_hourly_gangnam_2023_2025\2024-12-19하수수위60분현황.xlsx","C:\2026_Mareungil\data\서울특별시 강남구_하수관로 수위현황_20250908\2024-12-19하수수위60분현황.xlsx","20055","multiyear_candidate","mapping_and_unit_required","Address columns require mapping to UNQ_NO; negative values and one 19.63 spike","NTFS hardlink"
"reference\needs_mapping\sewer_level_hourly_gangnam_2023_2025\2024-12-20하수수위60분현황.xlsx","C:\2026_Mareungil\data\서울특별시 강남구_하수관로 수위현황_20250908\2024-12-20하수수위60분현황.xlsx","20008","multiyear_candidate","mapping_and_unit_required","Address columns require mapping to UNQ_NO; negative values and one 19.63 spike","NTFS hardlink"
"reference\needs_mapping\sewer_level_hourly_gangnam_2023_2025\2024-12-21하수수위60분현황.xlsx","C:\2026_Mareungil\data\서울특별시 강남구_하수관로 수위현황_20250908\2024-12-21하수수위60분현황.xlsx","20156","multiyear_candidate","mapping_and_unit_required","Address columns require mapping to UNQ_NO; negative values and one 19.63 spike","NTFS hardlink"
"reference\needs_mapping\sewer_level_hourly_gangnam_2023_2025\2024-12-22하수수위60분현황.xlsx","C:\2026_Mareungil\data\서울특별시 강남구_하수관로 수위현황_20250908\2024-12-22하수수위60분현황.xlsx","19926","multiyear_candidate","mapping_and_unit_required","Address columns require mapping to UNQ_NO; negative values and one 19.63 spike","NTFS hardlink"
"reference\needs_mapping\sewer_level_hourly_gangnam_2023_2025\2024-12-23하수수위60분현황.xlsx","C:\2026_Mareungil\data\서울특별시 강남구_하수관로 수위현황_20250908\2024-12-23하수수위60분현황.xlsx","19960","multiyear_candidate","mapping_and_unit_required","Address columns require mapping to UNQ_NO; negative values and one 19.63 spike","NTFS hardlink"
"reference\needs_mapping\sewer_level_hourly_gangnam_2023_2025\2024-12-24하수수위60분현황.xlsx","C:\2026_Mareungil\data\서울특별시 강남구_하수관로 수위현황_20250908\2024-12-24하수수위60분현황.xlsx","20009","multiyear_candidate","mapping_and_unit_required","Address columns require mapping to UNQ_NO; negative values and one 19.63 spike","NTFS hardlink"
"reference\needs_mapping\sewer_level_hourly_gangnam_2023_2025\2024-12-25하수수위60분현황.xlsx","C:\2026_Mareungil\data\서울특별시 강남구_하수관로 수위현황_20250908\2024-12-25하수수위60분현황.xlsx","19952","multiyear_candidate","mapping_and_unit_required","Address columns require mapping to UNQ_NO; negative values and one 19.63 spike","NTFS hardlink"
"reference\needs_mapping\sewer_level_hourly_gangnam_2023_2025\2024-12-26하수수위60분현황.xlsx","C:\2026_Mareungil\data\서울특별시 강남구_하수관로 수위현황_20250908\2024-12-26하수수위60분현황.xlsx","20010","multiyear_candidate","mapping_and_unit_required","Address columns require mapping to UNQ_NO; negative values and one 19.63 spike","NTFS hardlink"
"reference\needs_mapping\sewer_level_hourly_gangnam_2023_2025\2024-12-27하수수위60분현황.xlsx","C:\2026_Mareungil\data\서울특별시 강남구_하수관로 수위현황_20250908\2024-12-27하수수위60분현황.xlsx","19989","multiyear_candidate","mapping_and_unit_required","Address columns require mapping to UNQ_NO; negative values and one 19.63 spike","NTFS hardlink"
"reference\needs_mapping\sewer_level_hourly_gangnam_2023_2025\2024-12-28하수수위60분현황.xlsx","C:\2026_Mareungil\data\서울특별시 강남구_하수관로 수위현황_20250908\2024-12-28하수수위60분현황.xlsx","19939","multiyear_candidate","mapping_and_unit_required","Address columns require mapping to UNQ_NO; negative values and one 19.63 spike","NTFS hardlink"
"reference\needs_mapping\sewer_level_hourly_gangnam_2023_2025\2024-12-29하수수위60분현황.xlsx","C:\2026_Mareungil\data\서울특별시 강남구_하수관로 수위현황_20250908\2024-12-29하수수위60분현황.xlsx","19928","multiyear_candidate","mapping_and_unit_required","Address columns require mapping to UNQ_NO; negative values and one 19.63 spike","NTFS hardlink"
"reference\needs_mapping\sewer_level_hourly_gangnam_2023_2025\2024-12-30하수수위60분현황.xlsx","C:\2026_Mareungil\data\서울특별시 강남구_하수관로 수위현황_20250908\2024-12-30하수수위60분현황.xlsx","20023","multiyear_candidate","mapping_and_unit_required","Address columns require mapping to UNQ_NO; negative values and one 19.63 spike","NTFS hardlink"
"reference\needs_mapping\sewer_level_hourly_gangnam_2023_2025\2024-12-31하수수위60분현황.xlsx","C:\2026_Mareungil\data\서울특별시 강남구_하수관로 수위현황_20250908\2024-12-31하수수위60분현황.xlsx","20046","multiyear_candidate","mapping_and_unit_required","Address columns require mapping to UNQ_NO; negative values and one 19.63 spike","NTFS hardlink"
"reference\needs_mapping\sewer_level_hourly_gangnam_2023_2025\2025-01-01하수수위60분현황.xlsx","C:\2026_Mareungil\data\서울특별시 강남구_하수관로 수위현황_20250908\2025-01-01하수수위60분현황.xlsx","19968","multiyear_candidate","mapping_and_unit_required","Address columns require mapping to UNQ_NO; negative values and one 19.63 spike","NTFS hardlink"
"reference\needs_mapping\sewer_level_hourly_gangnam_2023_2025\2025-01-02하수수위60분현황.xlsx","C:\2026_Mareungil\data\서울특별시 강남구_하수관로 수위현황_20250908\2025-01-02하수수위60분현황.xlsx","20013","multiyear_candidate","mapping_and_unit_required","Address columns require mapping to UNQ_NO; negative values and one 19.63 spike","NTFS hardlink"
"reference\needs_mapping\sewer_level_hourly_gangnam_2023_2025\2025-01-03하수수위60분현황.xlsx","C:\2026_Mareungil\data\서울특별시 강남구_하수관로 수위현황_20250908\2025-01-03하수수위60분현황.xlsx","20043","multiyear_candidate","mapping_and_unit_required","Address columns require mapping to UNQ_NO; negative values and one 19.63 spike","NTFS hardlink"
"reference\needs_mapping\sewer_level_hourly_gangnam_2023_2025\2025-01-04하수수위60분현황.xlsx","C:\2026_Mareungil\data\서울특별시 강남구_하수관로 수위현황_20250908\2025-01-04하수수위60분현황.xlsx","19945","multiyear_candidate","mapping_and_unit_required","Address columns require mapping to UNQ_NO; negative values and one 19.63 spike","NTFS hardlink"
"reference\needs_mapping\sewer_level_hourly_gangnam_2023_2025\2025-01-05하수수위60분현황.xlsx","C:\2026_Mareungil\data\서울특별시 강남구_하수관로 수위현황_20250908\2025-01-05하수수위60분현황.xlsx","19202","multiyear_candidate","mapping_and_unit_required","Address columns require mapping to UNQ_NO; negative values and one 19.63 spike","NTFS hardlink"
"reference\needs_mapping\sewer_level_hourly_gangnam_2023_2025\2025-01-06하수수위60분현황.xlsx","C:\2026_Mareungil\data\서울특별시 강남구_하수관로 수위현황_20250908\2025-01-06하수수위60분현황.xlsx","19369","multiyear_candidate","mapping_and_unit_required","Address columns require mapping to UNQ_NO; negative values and one 19.63 spike","NTFS hardlink"
"reference\needs_mapping\sewer_level_hourly_gangnam_2023_2025\2025-01-07하수수위60분현황.xlsx","C:\2026_Mareungil\data\서울특별시 강남구_하수관로 수위현황_20250908\2025-01-07하수수위60분현황.xlsx","18755","multiyear_candidate","mapping_and_unit_required","Address columns require mapping to UNQ_NO; negative values and one 19.63 spike","NTFS hardlink"
"reference\needs_mapping\sewer_level_hourly_gangnam_2023_2025\2025-01-08하수수위60분현황.xlsx","C:\2026_Mareungil\data\서울특별시 강남구_하수관로 수위현황_20250908\2025-01-08하수수위60분현황.xlsx","18998","multiyear_candidate","mapping_and_unit_required","Address columns require mapping to UNQ_NO; negative values and one 19.63 spike","NTFS hardlink"
"reference\needs_mapping\sewer_level_hourly_gangnam_2023_2025\2025-01-09하수수위60분현황.xlsx","C:\2026_Mareungil\data\서울특별시 강남구_하수관로 수위현황_20250908\2025-01-09하수수위60분현황.xlsx","19491","multiyear_candidate","mapping_and_unit_required","Address columns require mapping to UNQ_NO; negative values and one 19.63 spike","NTFS hardlink"
"reference\needs_mapping\sewer_level_hourly_gangnam_2023_2025\2025-01-10하수수위60분현황.xlsx","C:\2026_Mareungil\data\서울특별시 강남구_하수관로 수위현황_20250908\2025-01-10하수수위60분현황.xlsx","19999","multiyear_candidate","mapping_and_unit_required","Address columns require mapping to UNQ_NO; negative values and one 19.63 spike","NTFS hardlink"
"reference\needs_mapping\sewer_level_hourly_gangnam_2023_2025\2025-01-11하수수위60분현황.xlsx","C:\2026_Mareungil\data\서울특별시 강남구_하수관로 수위현황_20250908\2025-01-11하수수위60분현황.xlsx","19999","multiyear_candidate","mapping_and_unit_required","Address columns require mapping to UNQ_NO; negative values and one 19.63 spike","NTFS hardlink"
"reference\needs_mapping\sewer_level_hourly_gangnam_2023_2025\2025-01-12하수수위60분현황.xlsx","C:\2026_Mareungil\data\서울특별시 강남구_하수관로 수위현황_20250908\2025-01-12하수수위60분현황.xlsx","19916","multiyear_candidate","mapping_and_unit_required","Address columns require mapping to UNQ_NO; negative values and one 19.63 spike","NTFS hardlink"
"reference\needs_mapping\sewer_level_hourly_gangnam_2023_2025\2025-01-13하수수위60분현황.xlsx","C:\2026_Mareungil\data\서울특별시 강남구_하수관로 수위현황_20250908\2025-01-13하수수위60분현황.xlsx","20052","multiyear_candidate","mapping_and_unit_required","Address columns require mapping to UNQ_NO; negative values and one 19.63 spike","NTFS hardlink"
"reference\needs_mapping\sewer_level_hourly_gangnam_2023_2025\2025-01-14하수수위60분현황.xlsx","C:\2026_Mareungil\data\서울특별시 강남구_하수관로 수위현황_20250908\2025-01-14하수수위60분현황.xlsx","20101","multiyear_candidate","mapping_and_unit_required","Address columns require mapping to UNQ_NO; negative values and one 19.63 spike","NTFS hardlink"
"reference\needs_mapping\sewer_level_hourly_gangnam_2023_2025\2025-01-15하수수위60분현황.xlsx","C:\2026_Mareungil\data\서울특별시 강남구_하수관로 수위현황_20250908\2025-01-15하수수위60분현황.xlsx","19969","multiyear_candidate","mapping_and_unit_required","Address columns require mapping to UNQ_NO; negative values and one 19.63 spike","NTFS hardlink"
"reference\needs_mapping\sewer_level_hourly_gangnam_2023_2025\2025-01-16하수수위60분현황.xlsx","C:\2026_Mareungil\data\서울특별시 강남구_하수관로 수위현황_20250908\2025-01-16하수수위60분현황.xlsx","20029","multiyear_candidate","mapping_and_unit_required","Address columns require mapping to UNQ_NO; negative values and one 19.63 spike","NTFS hardlink"
"reference\needs_mapping\sewer_level_hourly_gangnam_2023_2025\2025-01-17하수수위60분현황.xlsx","C:\2026_Mareungil\data\서울특별시 강남구_하수관로 수위현황_20250908\2025-01-17하수수위60분현황.xlsx","20042","multiyear_candidate","mapping_and_unit_required","Address columns require mapping to UNQ_NO; negative values and one 19.63 spike","NTFS hardlink"
"reference\needs_mapping\sewer_level_hourly_gangnam_2023_2025\2025-01-18하수수위60분현황.xlsx","C:\2026_Mareungil\data\서울특별시 강남구_하수관로 수위현황_20250908\2025-01-18하수수위60분현황.xlsx","20018","multiyear_candidate","mapping_and_unit_required","Address columns require mapping to UNQ_NO; negative values and one 19.63 spike","NTFS hardlink"
"reference\needs_mapping\sewer_level_hourly_gangnam_2023_2025\2025-01-19하수수위60분현황.xlsx","C:\2026_Mareungil\data\서울특별시 강남구_하수관로 수위현황_20250908\2025-01-19하수수위60분현황.xlsx","19941","multiyear_candidate","mapping_and_unit_required","Address columns require mapping to UNQ_NO; negative values and one 19.63 spike","NTFS hardlink"
"reference\needs_mapping\sewer_level_hourly_gangnam_2023_2025\2025-01-20하수수위60분현황.xlsx","C:\2026_Mareungil\data\서울특별시 강남구_하수관로 수위현황_20250908\2025-01-20하수수위60분현황.xlsx","20084","multiyear_candidate","mapping_and_unit_required","Address columns require mapping to UNQ_NO; negative values and one 19.63 spike","NTFS hardlink"
"reference\needs_mapping\sewer_level_hourly_gangnam_2023_2025\2025-01-21하수수위60분현황.xlsx","C:\2026_Mareungil\data\서울특별시 강남구_하수관로 수위현황_20250908\2025-01-21하수수위60분현황.xlsx","20033","multiyear_candidate","mapping_and_unit_required","Address columns require mapping to UNQ_NO; negative values and one 19.63 spike","NTFS hardlink"
"reference\needs_mapping\sewer_level_hourly_gangnam_2023_2025\2025-01-22하수수위60분현황.xlsx","C:\2026_Mareungil\data\서울특별시 강남구_하수관로 수위현황_20250908\2025-01-22하수수위60분현황.xlsx","19964","multiyear_candidate","mapping_and_unit_required","Address columns require mapping to UNQ_NO; negative values and one 19.63 spike","NTFS hardlink"
"reference\needs_mapping\sewer_level_hourly_gangnam_2023_2025\2025-01-23하수수위60분현황.xlsx","C:\2026_Mareungil\data\서울특별시 강남구_하수관로 수위현황_20250908\2025-01-23하수수위60분현황.xlsx","20010","multiyear_candidate","mapping_and_unit_required","Address columns require mapping to UNQ_NO; negative values and one 19.63 spike","NTFS hardlink"
"reference\needs_mapping\sewer_level_hourly_gangnam_2023_2025\2025-01-24하수수위60분현황.xlsx","C:\2026_Mareungil\data\서울특별시 강남구_하수관로 수위현황_20250908\2025-01-24하수수위60분현황.xlsx","20035","multiyear_candidate","mapping_and_unit_required","Address columns require mapping to UNQ_NO; negative values and one 19.63 spike","NTFS hardlink"
"reference\needs_mapping\sewer_level_hourly_gangnam_2023_2025\2025-01-25하수수위60분현황.xlsx","C:\2026_Mareungil\data\서울특별시 강남구_하수관로 수위현황_20250908\2025-01-25하수수위60분현황.xlsx","19928","multiyear_candidate","mapping_and_unit_required","Address columns require mapping to UNQ_NO; negative values and one 19.63 spike","NTFS hardlink"
"reference\needs_mapping\sewer_level_hourly_gangnam_2023_2025\2025-01-26하수수위60분현황.xlsx","C:\2026_Mareungil\data\서울특별시 강남구_하수관로 수위현황_20250908\2025-01-26하수수위60분현황.xlsx","19962","multiyear_candidate","mapping_and_unit_required","Address columns require mapping to UNQ_NO; negative values and one 19.63 spike","NTFS hardlink"
"reference\needs_mapping\sewer_level_hourly_gangnam_2023_2025\2025-01-27하수수위60분현황.xlsx","C:\2026_Mareungil\data\서울특별시 강남구_하수관로 수위현황_20250908\2025-01-27하수수위60분현황.xlsx","20101","multiyear_candidate","mapping_and_unit_required","Address columns require mapping to UNQ_NO; negative values and one 19.63 spike","NTFS hardlink"
"reference\needs_mapping\sewer_level_hourly_gangnam_2023_2025\2025-01-28하수수위60분현황.xlsx","C:\2026_Mareungil\data\서울특별시 강남구_하수관로 수위현황_20250908\2025-01-28하수수위60분현황.xlsx","20064","multiyear_candidate","mapping_and_unit_required","Address columns require mapping to UNQ_NO; negative values and one 19.63 spike","NTFS hardlink"
"reference\needs_mapping\sewer_level_hourly_gangnam_2023_2025\2025-01-29하수수위60분현황.xlsx","C:\2026_Mareungil\data\서울특별시 강남구_하수관로 수위현황_20250908\2025-01-29하수수위60분현황.xlsx","20012","multiyear_candidate","mapping_and_unit_required","Address columns require mapping to UNQ_NO; negative values and one 19.63 spike","NTFS hardlink"
"reference\needs_mapping\sewer_level_hourly_gangnam_2023_2025\2025-01-30하수수위60분현황.xlsx","C:\2026_Mareungil\data\서울특별시 강남구_하수관로 수위현황_20250908\2025-01-30하수수위60분현황.xlsx","19888","multiyear_candidate","mapping_and_unit_required","Address columns require mapping to UNQ_NO; negative values and one 19.63 spike","NTFS hardlink"
"reference\needs_mapping\sewer_level_hourly_gangnam_2023_2025\2025-01-31하수수위60분현황.xlsx","C:\2026_Mareungil\data\서울특별시 강남구_하수관로 수위현황_20250908\2025-01-31하수수위60분현황.xlsx","20135","multiyear_candidate","mapping_and_unit_required","Address columns require mapping to UNQ_NO; negative values and one 19.63 spike","NTFS hardlink"
"reference\needs_mapping\sewer_level_hourly_gangnam_2023_2025\2025-02-01하수수위60분현황.xlsx","C:\2026_Mareungil\data\서울특별시 강남구_하수관로 수위현황_20250908\2025-02-01하수수위60분현황.xlsx","20012","multiyear_candidate","mapping_and_unit_required","Address columns require mapping to UNQ_NO; negative values and one 19.63 spike","NTFS hardlink"
"reference\needs_mapping\sewer_level_hourly_gangnam_2023_2025\2025-02-02하수수위60분현황.xlsx","C:\2026_Mareungil\data\서울특별시 강남구_하수관로 수위현황_20250908\2025-02-02하수수위60분현황.xlsx","19950","multiyear_candidate","mapping_and_unit_required","Address columns require mapping to UNQ_NO; negative values and one 19.63 spike","NTFS hardlink"
"reference\needs_mapping\sewer_level_hourly_gangnam_2023_2025\2025-02-03하수수위60분현황.xlsx","C:\2026_Mareungil\data\서울특별시 강남구_하수관로 수위현황_20250908\2025-02-03하수수위60분현황.xlsx","19985","multiyear_candidate","mapping_and_unit_required","Address columns require mapping to UNQ_NO; negative values and one 19.63 spike","NTFS hardlink"
"reference\needs_mapping\sewer_level_hourly_gangnam_2023_2025\2025-02-04하수수위60분현황.xlsx","C:\2026_Mareungil\data\서울특별시 강남구_하수관로 수위현황_20250908\2025-02-04하수수위60분현황.xlsx","20115","multiyear_candidate","mapping_and_unit_required","Address columns require mapping to UNQ_NO; negative values and one 19.63 spike","NTFS hardlink"
"reference\needs_mapping\sewer_level_hourly_gangnam_2023_2025\2025-02-05하수수위60분현황.xlsx","C:\2026_Mareungil\data\서울특별시 강남구_하수관로 수위현황_20250908\2025-02-05하수수위60분현황.xlsx","20111","multiyear_candidate","mapping_and_unit_required","Address columns require mapping to UNQ_NO; negative values and one 19.63 spike","NTFS hardlink"
"reference\needs_mapping\sewer_level_hourly_gangnam_2023_2025\2025-02-06하수수위60분현황.xlsx","C:\2026_Mareungil\data\서울특별시 강남구_하수관로 수위현황_20250908\2025-02-06하수수위60분현황.xlsx","20123","multiyear_candidate","mapping_and_unit_required","Address columns require mapping to UNQ_NO; negative values and one 19.63 spike","NTFS hardlink"
"reference\needs_mapping\sewer_level_hourly_gangnam_2023_2025\2025-02-07하수수위60분현황.xlsx","C:\2026_Mareungil\data\서울특별시 강남구_하수관로 수위현황_20250908\2025-02-07하수수위60분현황.xlsx","20167","multiyear_candidate","mapping_and_unit_required","Address columns require mapping to UNQ_NO; negative values and one 19.63 spike","NTFS hardlink"
"reference\needs_mapping\sewer_level_hourly_gangnam_2023_2025\2025-02-08하수수위60분현황.xlsx","C:\2026_Mareungil\data\서울특별시 강남구_하수관로 수위현황_20250908\2025-02-08하수수위60분현황.xlsx","20102","multiyear_candidate","mapping_and_unit_required","Address columns require mapping to UNQ_NO; negative values and one 19.63 spike","NTFS hardlink"
"reference\needs_mapping\sewer_level_hourly_gangnam_2023_2025\2025-02-09하수수위60분현황.xlsx","C:\2026_Mareungil\data\서울특별시 강남구_하수관로 수위현황_20250908\2025-02-09하수수위60분현황.xlsx","20087","multiyear_candidate","mapping_and_unit_required","Address columns require mapping to UNQ_NO; negative values and one 19.63 spike","NTFS hardlink"
"reference\needs_mapping\sewer_level_hourly_gangnam_2023_2025\2025-02-10하수수위60분현황.xlsx","C:\2026_Mareungil\data\서울특별시 강남구_하수관로 수위현황_20250908\2025-02-10하수수위60분현황.xlsx","20106","multiyear_candidate","mapping_and_unit_required","Address columns require mapping to UNQ_NO; negative values and one 19.63 spike","NTFS hardlink"
"reference\needs_mapping\sewer_level_hourly_gangnam_2023_2025\2025-02-11하수수위60분현황.xlsx","C:\2026_Mareungil\data\서울특별시 강남구_하수관로 수위현황_20250908\2025-02-11하수수위60분현황.xlsx","20070","multiyear_candidate","mapping_and_unit_required","Address columns require mapping to UNQ_NO; negative values and one 19.63 spike","NTFS hardlink"
"reference\needs_mapping\sewer_level_hourly_gangnam_2023_2025\2025-02-12하수수위60분현황.xlsx","C:\2026_Mareungil\data\서울특별시 강남구_하수관로 수위현황_20250908\2025-02-12하수수위60분현황.xlsx","20135","multiyear_candidate","mapping_and_unit_required","Address columns require mapping to UNQ_NO; negative values and one 19.63 spike","NTFS hardlink"
"reference\needs_mapping\sewer_level_hourly_gangnam_2023_2025\2025-02-13하수수위60분현황.xlsx","C:\2026_Mareungil\data\서울특별시 강남구_하수관로 수위현황_20250908\2025-02-13하수수위60분현황.xlsx","20091","multiyear_candidate","mapping_and_unit_required","Address columns require mapping to UNQ_NO; negative values and one 19.63 spike","NTFS hardlink"
"reference\needs_mapping\sewer_level_hourly_gangnam_2023_2025\2025-02-14하수수위60분현황.xlsx","C:\2026_Mareungil\data\서울특별시 강남구_하수관로 수위현황_20250908\2025-02-14하수수위60분현황.xlsx","20059","multiyear_candidate","mapping_and_unit_required","Address columns require mapping to UNQ_NO; negative values and one 19.63 spike","NTFS hardlink"
"reference\needs_mapping\sewer_level_hourly_gangnam_2023_2025\2025-02-15하수수위60분현황.xlsx","C:\2026_Mareungil\data\서울특별시 강남구_하수관로 수위현황_20250908\2025-02-15하수수위60분현황.xlsx","19993","multiyear_candidate","mapping_and_unit_required","Address columns require mapping to UNQ_NO; negative values and one 19.63 spike","NTFS hardlink"
"reference\needs_mapping\sewer_level_hourly_gangnam_2023_2025\2025-02-16하수수위60분현황.xlsx","C:\2026_Mareungil\data\서울특별시 강남구_하수관로 수위현황_20250908\2025-02-16하수수위60분현황.xlsx","20052","multiyear_candidate","mapping_and_unit_required","Address columns require mapping to UNQ_NO; negative values and one 19.63 spike","NTFS hardlink"
"reference\needs_mapping\sewer_level_hourly_gangnam_2023_2025\2025-02-17하수수위60분현황.xlsx","C:\2026_Mareungil\data\서울특별시 강남구_하수관로 수위현황_20250908\2025-02-17하수수위60분현황.xlsx","20092","multiyear_candidate","mapping_and_unit_required","Address columns require mapping to UNQ_NO; negative values and one 19.63 spike","NTFS hardlink"
"reference\needs_mapping\sewer_level_hourly_gangnam_2023_2025\2025-02-18하수수위60분현황.xlsx","C:\2026_Mareungil\data\서울특별시 강남구_하수관로 수위현황_20250908\2025-02-18하수수위60분현황.xlsx","20064","multiyear_candidate","mapping_and_unit_required","Address columns require mapping to UNQ_NO; negative values and one 19.63 spike","NTFS hardlink"
"reference\needs_mapping\sewer_level_hourly_gangnam_2023_2025\2025-02-19하수수위60분현황.xlsx","C:\2026_Mareungil\data\서울특별시 강남구_하수관로 수위현황_20250908\2025-02-19하수수위60분현황.xlsx","20098","multiyear_candidate","mapping_and_unit_required","Address columns require mapping to UNQ_NO; negative values and one 19.63 spike","NTFS hardlink"
"reference\needs_mapping\sewer_level_hourly_gangnam_2023_2025\2025-02-20하수수위60분현황.xlsx","C:\2026_Mareungil\data\서울특별시 강남구_하수관로 수위현황_20250908\2025-02-20하수수위60분현황.xlsx","20049","multiyear_candidate","mapping_and_unit_required","Address columns require mapping to UNQ_NO; negative values and one 19.63 spike","NTFS hardlink"
"reference\needs_mapping\sewer_level_hourly_gangnam_2023_2025\2025-02-21하수수위60분현황.xlsx","C:\2026_Mareungil\data\서울특별시 강남구_하수관로 수위현황_20250908\2025-02-21하수수위60분현황.xlsx","20049","multiyear_candidate","mapping_and_unit_required","Address columns require mapping to UNQ_NO; negative values and one 19.63 spike","NTFS hardlink"
"reference\needs_mapping\sewer_level_hourly_gangnam_2023_2025\2025-02-22하수수위60분현황.xlsx","C:\2026_Mareungil\data\서울특별시 강남구_하수관로 수위현황_20250908\2025-02-22하수수위60분현황.xlsx","20030","multiyear_candidate","mapping_and_unit_required","Address columns require mapping to UNQ_NO; negative values and one 19.63 spike","NTFS hardlink"
"reference\needs_mapping\sewer_level_hourly_gangnam_2023_2025\2025-02-23하수수위60분현황.xlsx","C:\2026_Mareungil\data\서울특별시 강남구_하수관로 수위현황_20250908\2025-02-23하수수위60분현황.xlsx","20029","multiyear_candidate","mapping_and_unit_required","Address columns require mapping to UNQ_NO; negative values and one 19.63 spike","NTFS hardlink"
"reference\needs_mapping\sewer_level_hourly_gangnam_2023_2025\2025-02-24하수수위60분현황.xlsx","C:\2026_Mareungil\data\서울특별시 강남구_하수관로 수위현황_20250908\2025-02-24하수수위60분현황.xlsx","20118","multiyear_candidate","mapping_and_unit_required","Address columns require mapping to UNQ_NO; negative values and one 19.63 spike","NTFS hardlink"
"reference\needs_mapping\sewer_level_hourly_gangnam_2023_2025\2025-02-25하수수위60분현황.xlsx","C:\2026_Mareungil\data\서울특별시 강남구_하수관로 수위현황_20250908\2025-02-25하수수위60분현황.xlsx","20116","multiyear_candidate","mapping_and_unit_required","Address columns require mapping to UNQ_NO; negative values and one 19.63 spike","NTFS hardlink"
"reference\needs_mapping\sewer_level_hourly_gangnam_2023_2025\2025-02-26하수수위60분현황.xlsx","C:\2026_Mareungil\data\서울특별시 강남구_하수관로 수위현황_20250908\2025-02-26하수수위60분현황.xlsx","20083","multiyear_candidate","mapping_and_unit_required","Address columns require mapping to UNQ_NO; negative values and one 19.63 spike","NTFS hardlink"
"reference\needs_mapping\sewer_level_hourly_gangnam_2023_2025\2025-02-27하수수위60분현황.xlsx","C:\2026_Mareungil\data\서울특별시 강남구_하수관로 수위현황_20250908\2025-02-27하수수위60분현황.xlsx","20071","multiyear_candidate","mapping_and_unit_required","Address columns require mapping to UNQ_NO; negative values and one 19.63 spike","NTFS hardlink"
"reference\needs_mapping\sewer_level_hourly_gangnam_2023_2025\2025-02-28하수수위60분현황.xlsx","C:\2026_Mareungil\data\서울특별시 강남구_하수관로 수위현황_20250908\2025-02-28하수수위60분현황.xlsx","20029","multiyear_candidate","mapping_and_unit_required","Address columns require mapping to UNQ_NO; negative values and one 19.63 spike","NTFS hardlink"
"reference\needs_mapping\sewer_level_hourly_gangnam_2023_2025\2025-03-01하수수위60분현황.xlsx","C:\2026_Mareungil\data\서울특별시 강남구_하수관로 수위현황_20250908\2025-03-01하수수위60분현황.xlsx","20102","multiyear_candidate","mapping_and_unit_required","Address columns require mapping to UNQ_NO; negative values and one 19.63 spike","NTFS hardlink"
"reference\needs_mapping\sewer_level_hourly_gangnam_2023_2025\2025-03-02하수수위60분현황.xlsx","C:\2026_Mareungil\data\서울특별시 강남구_하수관로 수위현황_20250908\2025-03-02하수수위60분현황.xlsx","20294","multiyear_candidate","mapping_and_unit_required","Address columns require mapping to UNQ_NO; negative values and one 19.63 spike","NTFS hardlink"
"reference\needs_mapping\sewer_level_hourly_gangnam_2023_2025\2025-03-03하수수위60분현황.xlsx","C:\2026_Mareungil\data\서울특별시 강남구_하수관로 수위현황_20250908\2025-03-03하수수위60분현황.xlsx","20228","multiyear_candidate","mapping_and_unit_required","Address columns require mapping to UNQ_NO; negative values and one 19.63 spike","NTFS hardlink"
"reference\needs_mapping\sewer_level_hourly_gangnam_2023_2025\2025-03-04하수수위60분현황.xlsx","C:\2026_Mareungil\data\서울특별시 강남구_하수관로 수위현황_20250908\2025-03-04하수수위60분현황.xlsx","20139","multiyear_candidate","mapping_and_unit_required","Address columns require mapping to UNQ_NO; negative values and one 19.63 spike","NTFS hardlink"
"reference\needs_mapping\sewer_level_hourly_gangnam_2023_2025\2025-03-05하수수위60분현황.xlsx","C:\2026_Mareungil\data\서울특별시 강남구_하수관로 수위현황_20250908\2025-03-05하수수위60분현황.xlsx","20030","multiyear_candidate","mapping_and_unit_required","Address columns require mapping to UNQ_NO; negative values and one 19.63 spike","NTFS hardlink"
"reference\needs_mapping\sewer_level_hourly_gangnam_2023_2025\2025-03-06하수수위60분현황.xlsx","C:\2026_Mareungil\data\서울특별시 강남구_하수관로 수위현황_20250908\2025-03-06하수수위60분현황.xlsx","20052","multiyear_candidate","mapping_and_unit_required","Address columns require mapping to UNQ_NO; negative values and one 19.63 spike","NTFS hardlink"
"reference\needs_mapping\sewer_level_hourly_gangnam_2023_2025\2025-03-07하수수위60분현황.xlsx","C:\2026_Mareungil\data\서울특별시 강남구_하수관로 수위현황_20250908\2025-03-07하수수위60분현황.xlsx","20097","multiyear_candidate","mapping_and_unit_required","Address columns require mapping to UNQ_NO; negative values and one 19.63 spike","NTFS hardlink"
"reference\needs_mapping\sewer_level_hourly_gangnam_2023_2025\2025-03-08하수수위60분현황.xlsx","C:\2026_Mareungil\data\서울특별시 강남구_하수관로 수위현황_20250908\2025-03-08하수수위60분현황.xlsx","20012","multiyear_candidate","mapping_and_unit_required","Address columns require mapping to UNQ_NO; negative values and one 19.63 spike","NTFS hardlink"
"reference\needs_mapping\sewer_level_hourly_gangnam_2023_2025\2025-03-09하수수위60분현황.xlsx","C:\2026_Mareungil\data\서울특별시 강남구_하수관로 수위현황_20250908\2025-03-09하수수위60분현황.xlsx","20092","multiyear_candidate","mapping_and_unit_required","Address columns require mapping to UNQ_NO; negative values and one 19.63 spike","NTFS hardlink"
"reference\needs_mapping\sewer_level_hourly_gangnam_2023_2025\2025-03-10하수수위60분현황.xlsx","C:\2026_Mareungil\data\서울특별시 강남구_하수관로 수위현황_20250908\2025-03-10하수수위60분현황.xlsx","20166","multiyear_candidate","mapping_and_unit_required","Address columns require mapping to UNQ_NO; negative values and one 19.63 spike","NTFS hardlink"
"reference\needs_mapping\sewer_level_hourly_gangnam_2023_2025\2025-03-11하수수위60분현황.xlsx","C:\2026_Mareungil\data\서울특별시 강남구_하수관로 수위현황_20250908\2025-03-11하수수위60분현황.xlsx","20027","multiyear_candidate","mapping_and_unit_required","Address columns require mapping to UNQ_NO; negative values and one 19.63 spike","NTFS hardlink"
"reference\needs_mapping\sewer_level_hourly_gangnam_2023_2025\2025-03-12하수수위60분현황.xlsx","C:\2026_Mareungil\data\서울특별시 강남구_하수관로 수위현황_20250908\2025-03-12하수수위60분현황.xlsx","20015","multiyear_candidate","mapping_and_unit_required","Address columns require mapping to UNQ_NO; negative values and one 19.63 spike","NTFS hardlink"
"reference\needs_mapping\sewer_level_hourly_gangnam_2023_2025\2025-03-13하수수위60분현황.xlsx","C:\2026_Mareungil\data\서울특별시 강남구_하수관로 수위현황_20250908\2025-03-13하수수위60분현황.xlsx","20098","multiyear_candidate","mapping_and_unit_required","Address columns require mapping to UNQ_NO; negative values and one 19.63 spike","NTFS hardlink"
"reference\needs_mapping\sewer_level_hourly_gangnam_2023_2025\2025-03-14하수수위60분현황.xlsx","C:\2026_Mareungil\data\서울특별시 강남구_하수관로 수위현황_20250908\2025-03-14하수수위60분현황.xlsx","20040","multiyear_candidate","mapping_and_unit_required","Address columns require mapping to UNQ_NO; negative values and one 19.63 spike","NTFS hardlink"
"reference\needs_mapping\sewer_level_hourly_gangnam_2023_2025\2025-03-15하수수위60분현황.xlsx","C:\2026_Mareungil\data\서울특별시 강남구_하수관로 수위현황_20250908\2025-03-15하수수위60분현황.xlsx","19948","multiyear_candidate","mapping_and_unit_required","Address columns require mapping to UNQ_NO; negative values and one 19.63 spike","NTFS hardlink"
"reference\needs_mapping\sewer_level_hourly_gangnam_2023_2025\2025-03-16하수수위60분현황.xlsx","C:\2026_Mareungil\data\서울특별시 강남구_하수관로 수위현황_20250908\2025-03-16하수수위60분현황.xlsx","20080","multiyear_candidate","mapping_and_unit_required","Address columns require mapping to UNQ_NO; negative values and one 19.63 spike","NTFS hardlink"
"reference\needs_mapping\sewer_level_hourly_gangnam_2023_2025\2025-03-17하수수위60분현황.xlsx","C:\2026_Mareungil\data\서울특별시 강남구_하수관로 수위현황_20250908\2025-03-17하수수위60분현황.xlsx","20103","multiyear_candidate","mapping_and_unit_required","Address columns require mapping to UNQ_NO; negative values and one 19.63 spike","NTFS hardlink"
"reference\needs_mapping\sewer_level_hourly_gangnam_2023_2025\2025-03-18하수수위60분현황.xlsx","C:\2026_Mareungil\data\서울특별시 강남구_하수관로 수위현황_20250908\2025-03-18하수수위60분현황.xlsx","20181","multiyear_candidate","mapping_and_unit_required","Address columns require mapping to UNQ_NO; negative values and one 19.63 spike","NTFS hardlink"
"reference\needs_mapping\sewer_level_hourly_gangnam_2023_2025\2025-03-19하수수위60분현황.xlsx","C:\2026_Mareungil\data\서울특별시 강남구_하수관로 수위현황_20250908\2025-03-19하수수위60분현황.xlsx","20078","multiyear_candidate","mapping_and_unit_required","Address columns require mapping to UNQ_NO; negative values and one 19.63 spike","NTFS hardlink"
"reference\needs_mapping\sewer_level_hourly_gangnam_2023_2025\2025-03-20하수수위60분현황.xlsx","C:\2026_Mareungil\data\서울특별시 강남구_하수관로 수위현황_20250908\2025-03-20하수수위60분현황.xlsx","20040","multiyear_candidate","mapping_and_unit_required","Address columns require mapping to UNQ_NO; negative values and one 19.63 spike","NTFS hardlink"
"reference\needs_mapping\sewer_level_hourly_gangnam_2023_2025\2025-03-21하수수위60분현황.xlsx","C:\2026_Mareungil\data\서울특별시 강남구_하수관로 수위현황_20250908\2025-03-21하수수위60분현황.xlsx","19985","multiyear_candidate","mapping_and_unit_required","Address columns require mapping to UNQ_NO; negative values and one 19.63 spike","NTFS hardlink"
"reference\needs_mapping\sewer_level_hourly_gangnam_2023_2025\2025-03-22하수수위60분현황.xlsx","C:\2026_Mareungil\data\서울특별시 강남구_하수관로 수위현황_20250908\2025-03-22하수수위60분현황.xlsx","19969","multiyear_candidate","mapping_and_unit_required","Address columns require mapping to UNQ_NO; negative values and one 19.63 spike","NTFS hardlink"
"reference\needs_mapping\sewer_level_hourly_gangnam_2023_2025\2025-03-23하수수위60분현황.xlsx","C:\2026_Mareungil\data\서울특별시 강남구_하수관로 수위현황_20250908\2025-03-23하수수위60분현황.xlsx","19946","multiyear_candidate","mapping_and_unit_required","Address columns require mapping to UNQ_NO; negative values and one 19.63 spike","NTFS hardlink"
"reference\needs_mapping\sewer_level_hourly_gangnam_2023_2025\2025-03-24하수수위60분현황.xlsx","C:\2026_Mareungil\data\서울특별시 강남구_하수관로 수위현황_20250908\2025-03-24하수수위60분현황.xlsx","19971","multiyear_candidate","mapping_and_unit_required","Address columns require mapping to UNQ_NO; negative values and one 19.63 spike","NTFS hardlink"
"reference\needs_mapping\sewer_level_hourly_gangnam_2023_2025\2025-03-25하수수위60분현황.xlsx","C:\2026_Mareungil\data\서울특별시 강남구_하수관로 수위현황_20250908\2025-03-25하수수위60분현황.xlsx","20012","multiyear_candidate","mapping_and_unit_required","Address columns require mapping to UNQ_NO; negative values and one 19.63 spike","NTFS hardlink"
"reference\needs_mapping\sewer_level_hourly_gangnam_2023_2025\2025-03-26하수수위60분현황.xlsx","C:\2026_Mareungil\data\서울특별시 강남구_하수관로 수위현황_20250908\2025-03-26하수수위60분현황.xlsx","19997","multiyear_candidate","mapping_and_unit_required","Address columns require mapping to UNQ_NO; negative values and one 19.63 spike","NTFS hardlink"
"reference\needs_mapping\sewer_level_hourly_gangnam_2023_2025\2025-03-27하수수위60분현황.xlsx","C:\2026_Mareungil\data\서울특별시 강남구_하수관로 수위현황_20250908\2025-03-27하수수위60분현황.xlsx","20055","multiyear_candidate","mapping_and_unit_required","Address columns require mapping to UNQ_NO; negative values and one 19.63 spike","NTFS hardlink"
"reference\needs_mapping\sewer_level_hourly_gangnam_2023_2025\2025-03-28하수수위60분현황.xlsx","C:\2026_Mareungil\data\서울특별시 강남구_하수관로 수위현황_20250908\2025-03-28하수수위60분현황.xlsx","20117","multiyear_candidate","mapping_and_unit_required","Address columns require mapping to UNQ_NO; negative values and one 19.63 spike","NTFS hardlink"
"reference\needs_mapping\sewer_level_hourly_gangnam_2023_2025\2025-03-29하수수위60분현황.xlsx","C:\2026_Mareungil\data\서울특별시 강남구_하수관로 수위현황_20250908\2025-03-29하수수위60분현황.xlsx","20111","multiyear_candidate","mapping_and_unit_required","Address columns require mapping to UNQ_NO; negative values and one 19.63 spike","NTFS hardlink"
"reference\needs_mapping\sewer_level_hourly_gangnam_2023_2025\2025-03-30하수수위60분현황.xlsx","C:\2026_Mareungil\data\서울특별시 강남구_하수관로 수위현황_20250908\2025-03-30하수수위60분현황.xlsx","20076","multiyear_candidate","mapping_and_unit_required","Address columns require mapping to UNQ_NO; negative values and one 19.63 spike","NTFS hardlink"
"reference\needs_mapping\sewer_level_hourly_gangnam_2023_2025\2025-03-31하수수위60분현황.xlsx","C:\2026_Mareungil\data\서울특별시 강남구_하수관로 수위현황_20250908\2025-03-31하수수위60분현황.xlsx","19996","multiyear_candidate","mapping_and_unit_required","Address columns require mapping to UNQ_NO; negative values and one 19.63 spike","NTFS hardlink"
"reference\needs_mapping\sewer_level_hourly_gangnam_2023_2025\2025-04-01하수수위60분현황.xlsx","C:\2026_Mareungil\data\서울특별시 강남구_하수관로 수위현황_20250908\2025-04-01하수수위60분현황.xlsx","20006","multiyear_candidate","mapping_and_unit_required","Address columns require mapping to UNQ_NO; negative values and one 19.63 spike","NTFS hardlink"
"reference\needs_mapping\sewer_level_hourly_gangnam_2023_2025\2025-04-02하수수위60분현황.xlsx","C:\2026_Mareungil\data\서울특별시 강남구_하수관로 수위현황_20250908\2025-04-02하수수위60분현황.xlsx","20015","multiyear_candidate","mapping_and_unit_required","Address columns require mapping to UNQ_NO; negative values and one 19.63 spike","NTFS hardlink"
"reference\needs_mapping\sewer_level_hourly_gangnam_2023_2025\2025-04-03하수수위60분현황.xlsx","C:\2026_Mareungil\data\서울특별시 강남구_하수관로 수위현황_20250908\2025-04-03하수수위60분현황.xlsx","20110","multiyear_candidate","mapping_and_unit_required","Address columns require mapping to UNQ_NO; negative values and one 19.63 spike","NTFS hardlink"
"reference\needs_mapping\sewer_level_hourly_gangnam_2023_2025\2025-04-04하수수위60분현황.xlsx","C:\2026_Mareungil\data\서울특별시 강남구_하수관로 수위현황_20250908\2025-04-04하수수위60분현황.xlsx","20041","multiyear_candidate","mapping_and_unit_required","Address columns require mapping to UNQ_NO; negative values and one 19.63 spike","NTFS hardlink"
"reference\needs_mapping\sewer_level_hourly_gangnam_2023_2025\2025-04-05하수수위60분현황.xlsx","C:\2026_Mareungil\data\서울특별시 강남구_하수관로 수위현황_20250908\2025-04-05하수수위60분현황.xlsx","20432","multiyear_candidate","mapping_and_unit_required","Address columns require mapping to UNQ_NO; negative values and one 19.63 spike","NTFS hardlink"
"reference\needs_mapping\sewer_level_hourly_gangnam_2023_2025\2025-04-06하수수위60분현황.xlsx","C:\2026_Mareungil\data\서울특별시 강남구_하수관로 수위현황_20250908\2025-04-06하수수위60분현황.xlsx","20094","multiyear_candidate","mapping_and_unit_required","Address columns require mapping to UNQ_NO; negative values and one 19.63 spike","NTFS hardlink"
"reference\needs_mapping\sewer_level_hourly_gangnam_2023_2025\2025-04-07하수수위60분현황.xlsx","C:\2026_Mareungil\data\서울특별시 강남구_하수관로 수위현황_20250908\2025-04-07하수수위60분현황.xlsx","20094","multiyear_candidate","mapping_and_unit_required","Address columns require mapping to UNQ_NO; negative values and one 19.63 spike","NTFS hardlink"
"reference\needs_mapping\sewer_level_hourly_gangnam_2023_2025\2025-04-08하수수위60분현황.xlsx","C:\2026_Mareungil\data\서울특별시 강남구_하수관로 수위현황_20250908\2025-04-08하수수위60분현황.xlsx","20025","multiyear_candidate","mapping_and_unit_required","Address columns require mapping to UNQ_NO; negative values and one 19.63 spike","NTFS hardlink"
"reference\needs_mapping\sewer_level_hourly_gangnam_2023_2025\2025-04-09하수수위60분현황.xlsx","C:\2026_Mareungil\data\서울특별시 강남구_하수관로 수위현황_20250908\2025-04-09하수수위60분현황.xlsx","19977","multiyear_candidate","mapping_and_unit_required","Address columns require mapping to UNQ_NO; negative values and one 19.63 spike","NTFS hardlink"
"reference\needs_mapping\sewer_level_hourly_gangnam_2023_2025\2025-04-10하수수위60분현황.xlsx","C:\2026_Mareungil\data\서울특별시 강남구_하수관로 수위현황_20250908\2025-04-10하수수위60분현황.xlsx","20009","multiyear_candidate","mapping_and_unit_required","Address columns require mapping to UNQ_NO; negative values and one 19.63 spike","NTFS hardlink"
"reference\needs_mapping\sewer_level_hourly_gangnam_2023_2025\2025-04-11하수수위60분현황.xlsx","C:\2026_Mareungil\data\서울특별시 강남구_하수관로 수위현황_20250908\2025-04-11하수수위60분현황.xlsx","20016","multiyear_candidate","mapping_and_unit_required","Address columns require mapping to UNQ_NO; negative values and one 19.63 spike","NTFS hardlink"
"reference\needs_mapping\sewer_level_hourly_gangnam_2023_2025\2025-04-12하수수위60분현황.xlsx","C:\2026_Mareungil\data\서울특별시 강남구_하수관로 수위현황_20250908\2025-04-12하수수위60분현황.xlsx","20305","multiyear_candidate","mapping_and_unit_required","Address columns require mapping to UNQ_NO; negative values and one 19.63 spike","NTFS hardlink"
"reference\needs_mapping\sewer_level_hourly_gangnam_2023_2025\2025-04-13하수수위60분현황.xlsx","C:\2026_Mareungil\data\서울특별시 강남구_하수관로 수위현황_20250908\2025-04-13하수수위60분현황.xlsx","20151","multiyear_candidate","mapping_and_unit_required","Address columns require mapping to UNQ_NO; negative values and one 19.63 spike","NTFS hardlink"
"reference\needs_mapping\sewer_level_hourly_gangnam_2023_2025\2025-04-14하수수위60분현황.xlsx","C:\2026_Mareungil\data\서울특별시 강남구_하수관로 수위현황_20250908\2025-04-14하수수위60분현황.xlsx","20242","multiyear_candidate","mapping_and_unit_required","Address columns require mapping to UNQ_NO; negative values and one 19.63 spike","NTFS hardlink"
"reference\needs_mapping\sewer_level_hourly_gangnam_2023_2025\2025-04-15하수수위60분현황.xlsx","C:\2026_Mareungil\data\서울특별시 강남구_하수관로 수위현황_20250908\2025-04-15하수수위60분현황.xlsx","20005","multiyear_candidate","mapping_and_unit_required","Address columns require mapping to UNQ_NO; negative values and one 19.63 spike","NTFS hardlink"
"reference\needs_mapping\sewer_level_hourly_gangnam_2023_2025\2025-04-16하수수위60분현황.xlsx","C:\2026_Mareungil\data\서울특별시 강남구_하수관로 수위현황_20250908\2025-04-16하수수위60분현황.xlsx","20061","multiyear_candidate","mapping_and_unit_required","Address columns require mapping to UNQ_NO; negative values and one 19.63 spike","NTFS hardlink"
"reference\needs_mapping\sewer_level_hourly_gangnam_2023_2025\2025-04-17하수수위60분현황.xlsx","C:\2026_Mareungil\data\서울특별시 강남구_하수관로 수위현황_20250908\2025-04-17하수수위60분현황.xlsx","19998","multiyear_candidate","mapping_and_unit_required","Address columns require mapping to UNQ_NO; negative values and one 19.63 spike","NTFS hardlink"
"reference\needs_mapping\sewer_level_hourly_gangnam_2023_2025\2025-04-18하수수위60분현황.xlsx","C:\2026_Mareungil\data\서울특별시 강남구_하수관로 수위현황_20250908\2025-04-18하수수위60분현황.xlsx","19990","multiyear_candidate","mapping_and_unit_required","Address columns require mapping to UNQ_NO; negative values and one 19.63 spike","NTFS hardlink"
"reference\needs_mapping\sewer_level_hourly_gangnam_2023_2025\2025-04-19하수수위60분현황.xlsx","C:\2026_Mareungil\data\서울특별시 강남구_하수관로 수위현황_20250908\2025-04-19하수수위60분현황.xlsx","20106","multiyear_candidate","mapping_and_unit_required","Address columns require mapping to UNQ_NO; negative values and one 19.63 spike","NTFS hardlink"
"reference\needs_mapping\sewer_level_hourly_gangnam_2023_2025\2025-04-20하수수위60분현황.xlsx","C:\2026_Mareungil\data\서울특별시 강남구_하수관로 수위현황_20250908\2025-04-20하수수위60분현황.xlsx","20023","multiyear_candidate","mapping_and_unit_required","Address columns require mapping to UNQ_NO; negative values and one 19.63 spike","NTFS hardlink"
"reference\needs_mapping\sewer_level_hourly_gangnam_2023_2025\2025-04-21하수수위60분현황.xlsx","C:\2026_Mareungil\data\서울특별시 강남구_하수관로 수위현황_20250908\2025-04-21하수수위60분현황.xlsx","20017","multiyear_candidate","mapping_and_unit_required","Address columns require mapping to UNQ_NO; negative values and one 19.63 spike","NTFS hardlink"
"reference\needs_mapping\sewer_level_hourly_gangnam_2023_2025\2025-04-22하수수위60분현황.xlsx","C:\2026_Mareungil\data\서울특별시 강남구_하수관로 수위현황_20250908\2025-04-22하수수위60분현황.xlsx","20509","multiyear_candidate","mapping_and_unit_required","Address columns require mapping to UNQ_NO; negative values and one 19.63 spike","NTFS hardlink"
"reference\needs_mapping\sewer_level_hourly_gangnam_2023_2025\2025-04-23하수수위60분현황.xlsx","C:\2026_Mareungil\data\서울특별시 강남구_하수관로 수위현황_20250908\2025-04-23하수수위60분현황.xlsx","20048","multiyear_candidate","mapping_and_unit_required","Address columns require mapping to UNQ_NO; negative values and one 19.63 spike","NTFS hardlink"
"reference\needs_mapping\sewer_level_hourly_gangnam_2023_2025\2025-04-24하수수위60분현황.xlsx","C:\2026_Mareungil\data\서울특별시 강남구_하수관로 수위현황_20250908\2025-04-24하수수위60분현황.xlsx","20050","multiyear_candidate","mapping_and_unit_required","Address columns require mapping to UNQ_NO; negative values and one 19.63 spike","NTFS hardlink"
"reference\needs_mapping\sewer_level_hourly_gangnam_2023_2025\2025-04-25하수수위60분현황.xlsx","C:\2026_Mareungil\data\서울특별시 강남구_하수관로 수위현황_20250908\2025-04-25하수수위60분현황.xlsx","20033","multiyear_candidate","mapping_and_unit_required","Address columns require mapping to UNQ_NO; negative values and one 19.63 spike","NTFS hardlink"
"reference\needs_mapping\sewer_level_hourly_gangnam_2023_2025\2025-04-26하수수위60분현황.xlsx","C:\2026_Mareungil\data\서울특별시 강남구_하수관로 수위현황_20250908\2025-04-26하수수위60분현황.xlsx","19927","multiyear_candidate","mapping_and_unit_required","Address columns require mapping to UNQ_NO; negative values and one 19.63 spike","NTFS hardlink"
"reference\needs_mapping\sewer_level_hourly_gangnam_2023_2025\2025-04-27하수수위60분현황.xlsx","C:\2026_Mareungil\data\서울특별시 강남구_하수관로 수위현황_20250908\2025-04-27하수수위60분현황.xlsx","19946","multiyear_candidate","mapping_and_unit_required","Address columns require mapping to UNQ_NO; negative values and one 19.63 spike","NTFS hardlink"
"reference\needs_mapping\sewer_level_hourly_gangnam_2023_2025\2025-04-28하수수위60분현황.xlsx","C:\2026_Mareungil\data\서울특별시 강남구_하수관로 수위현황_20250908\2025-04-28하수수위60분현황.xlsx","19994","multiyear_candidate","mapping_and_unit_required","Address columns require mapping to UNQ_NO; negative values and one 19.63 spike","NTFS hardlink"
"reference\needs_mapping\sewer_level_hourly_gangnam_2023_2025\2025-04-29하수수위60분현황.xlsx","C:\2026_Mareungil\data\서울특별시 강남구_하수관로 수위현황_20250908\2025-04-29하수수위60분현황.xlsx","20007","multiyear_candidate","mapping_and_unit_required","Address columns require mapping to UNQ_NO; negative values and one 19.63 spike","NTFS hardlink"
"reference\needs_mapping\sewer_level_hourly_gangnam_2023_2025\2025-04-30하수수위60분현황.xlsx","C:\2026_Mareungil\data\서울특별시 강남구_하수관로 수위현황_20250908\2025-04-30하수수위60분현황.xlsx","19999","multiyear_candidate","mapping_and_unit_required","Address columns require mapping to UNQ_NO; negative values and one 19.63 spike","NTFS hardlink"
"reference\needs_mapping\sewer_level_hourly_gangnam_2023_2025\2025-05-01하수수위60분현황.xlsx","C:\2026_Mareungil\data\서울특별시 강남구_하수관로 수위현황_20250908\2025-05-01하수수위60분현황.xlsx","20323","multiyear_candidate","mapping_and_unit_required","Address columns require mapping to UNQ_NO; negative values and one 19.63 spike","NTFS hardlink"
"reference\needs_mapping\sewer_level_hourly_gangnam_2023_2025\2025-05-02하수수위60분현황.xlsx","C:\2026_Mareungil\data\서울특별시 강남구_하수관로 수위현황_20250908\2025-05-02하수수위60분현황.xlsx","20031","multiyear_candidate","mapping_and_unit_required","Address columns require mapping to UNQ_NO; negative values and one 19.63 spike","NTFS hardlink"
"reference\needs_mapping\sewer_level_hourly_gangnam_2023_2025\2025-05-03하수수위60분현황.xlsx","C:\2026_Mareungil\data\서울특별시 강남구_하수관로 수위현황_20250908\2025-05-03하수수위60분현황.xlsx","20211","multiyear_candidate","mapping_and_unit_required","Address columns require mapping to UNQ_NO; negative values and one 19.63 spike","NTFS hardlink"
"reference\needs_mapping\sewer_level_hourly_gangnam_2023_2025\2025-05-04하수수위60분현황.xlsx","C:\2026_Mareungil\data\서울특별시 강남구_하수관로 수위현황_20250908\2025-05-04하수수위60분현황.xlsx","20016","multiyear_candidate","mapping_and_unit_required","Address columns require mapping to UNQ_NO; negative values and one 19.63 spike","NTFS hardlink"
"reference\needs_mapping\sewer_level_hourly_gangnam_2023_2025\2025-05-05하수수위60분현황.xlsx","C:\2026_Mareungil\data\서울특별시 강남구_하수관로 수위현황_20250908\2025-05-05하수수위60분현황.xlsx","19862","multiyear_candidate","mapping_and_unit_required","Address columns require mapping to UNQ_NO; negative values and one 19.63 spike","NTFS hardlink"
"reference\needs_mapping\sewer_level_hourly_gangnam_2023_2025\2025-05-06하수수위60분현황.xlsx","C:\2026_Mareungil\data\서울특별시 강남구_하수관로 수위현황_20250908\2025-05-06하수수위60분현황.xlsx","19905","multiyear_candidate","mapping_and_unit_required","Address columns require mapping to UNQ_NO; negative values and one 19.63 spike","NTFS hardlink"
"reference\needs_mapping\sewer_level_hourly_gangnam_2023_2025\2025-05-07하수수위60분현황.xlsx","C:\2026_Mareungil\data\서울특별시 강남구_하수관로 수위현황_20250908\2025-05-07하수수위60분현황.xlsx","20024","multiyear_candidate","mapping_and_unit_required","Address columns require mapping to UNQ_NO; negative values and one 19.63 spike","NTFS hardlink"
"reference\needs_mapping\sewer_level_hourly_gangnam_2023_2025\2025-05-08하수수위60분현황.xlsx","C:\2026_Mareungil\data\서울특별시 강남구_하수관로 수위현황_20250908\2025-05-08하수수위60분현황.xlsx","19972","multiyear_candidate","mapping_and_unit_required","Address columns require mapping to UNQ_NO; negative values and one 19.63 spike","NTFS hardlink"
"reference\needs_mapping\sewer_level_hourly_gangnam_2023_2025\2025-05-09하수수위60분현황.xlsx","C:\2026_Mareungil\data\서울특별시 강남구_하수관로 수위현황_20250908\2025-05-09하수수위60분현황.xlsx","20322","multiyear_candidate","mapping_and_unit_required","Address columns require mapping to UNQ_NO; negative values and one 19.63 spike","NTFS hardlink"
"reference\needs_mapping\sewer_level_hourly_gangnam_2023_2025\2025-05-10하수수위60분현황.xlsx","C:\2026_Mareungil\data\서울특별시 강남구_하수관로 수위현황_20250908\2025-05-10하수수위60분현황.xlsx","20151","multiyear_candidate","mapping_and_unit_required","Address columns require mapping to UNQ_NO; negative values and one 19.63 spike","NTFS hardlink"
"reference\needs_mapping\sewer_level_hourly_gangnam_2023_2025\2025-05-11하수수위60분현황.xlsx","C:\2026_Mareungil\data\서울특별시 강남구_하수관로 수위현황_20250908\2025-05-11하수수위60분현황.xlsx","19952","multiyear_candidate","mapping_and_unit_required","Address columns require mapping to UNQ_NO; negative values and one 19.63 spike","NTFS hardlink"
"reference\needs_mapping\sewer_level_hourly_gangnam_2023_2025\2025-05-12하수수위60분현황.xlsx","C:\2026_Mareungil\data\서울특별시 강남구_하수관로 수위현황_20250908\2025-05-12하수수위60분현황.xlsx","20053","multiyear_candidate","mapping_and_unit_required","Address columns require mapping to UNQ_NO; negative values and one 19.63 spike","NTFS hardlink"
"reference\needs_mapping\sewer_level_hourly_gangnam_2023_2025\2025-05-13하수수위60분현황.xlsx","C:\2026_Mareungil\data\서울특별시 강남구_하수관로 수위현황_20250908\2025-05-13하수수위60분현황.xlsx","19964","multiyear_candidate","mapping_and_unit_required","Address columns require mapping to UNQ_NO; negative values and one 19.63 spike","NTFS hardlink"
"reference\needs_mapping\sewer_level_hourly_gangnam_2023_2025\2025-05-14하수수위60분현황.xlsx","C:\2026_Mareungil\data\서울특별시 강남구_하수관로 수위현황_20250908\2025-05-14하수수위60분현황.xlsx","20001","multiyear_candidate","mapping_and_unit_required","Address columns require mapping to UNQ_NO; negative values and one 19.63 spike","NTFS hardlink"
"reference\needs_mapping\sewer_level_hourly_gangnam_2023_2025\2025-05-15하수수위60분현황.xlsx","C:\2026_Mareungil\data\서울특별시 강남구_하수관로 수위현황_20250908\2025-05-15하수수위60분현황.xlsx","20043","multiyear_candidate","mapping_and_unit_required","Address columns require mapping to UNQ_NO; negative values and one 19.63 spike","NTFS hardlink"
"reference\needs_mapping\sewer_level_hourly_gangnam_2023_2025\2025-05-16하수수위60분현황.xlsx","C:\2026_Mareungil\data\서울특별시 강남구_하수관로 수위현황_20250908\2025-05-16하수수위60분현황.xlsx","20594","multiyear_candidate","mapping_and_unit_required","Address columns require mapping to UNQ_NO; negative values and one 19.63 spike","NTFS hardlink"
"reference\needs_mapping\sewer_level_hourly_gangnam_2023_2025\2025-05-17하수수위60분현황.xlsx","C:\2026_Mareungil\data\서울특별시 강남구_하수관로 수위현황_20250908\2025-05-17하수수위60분현황.xlsx","20131","multiyear_candidate","mapping_and_unit_required","Address columns require mapping to UNQ_NO; negative values and one 19.63 spike","NTFS hardlink"
"reference\needs_mapping\sewer_level_hourly_gangnam_2023_2025\2025-05-18하수수위60분현황.xlsx","C:\2026_Mareungil\data\서울특별시 강남구_하수관로 수위현황_20250908\2025-05-18하수수위60분현황.xlsx","20065","multiyear_candidate","mapping_and_unit_required","Address columns require mapping to UNQ_NO; negative values and one 19.63 spike","NTFS hardlink"
"reference\needs_mapping\sewer_level_hourly_gangnam_2023_2025\2025-05-19하수수위60분현황.xlsx","C:\2026_Mareungil\data\서울특별시 강남구_하수관로 수위현황_20250908\2025-05-19하수수위60분현황.xlsx","20074","multiyear_candidate","mapping_and_unit_required","Address columns require mapping to UNQ_NO; negative values and one 19.63 spike","NTFS hardlink"
"reference\needs_mapping\sewer_level_hourly_gangnam_2023_2025\2025-05-20하수수위60분현황.xlsx","C:\2026_Mareungil\data\서울특별시 강남구_하수관로 수위현황_20250908\2025-05-20하수수위60분현황.xlsx","20034","multiyear_candidate","mapping_and_unit_required","Address columns require mapping to UNQ_NO; negative values and one 19.63 spike","NTFS hardlink"
"reference\needs_mapping\sewer_level_hourly_gangnam_2023_2025\2025-05-21하수수위60분현황.xlsx","C:\2026_Mareungil\data\서울특별시 강남구_하수관로 수위현황_20250908\2025-05-21하수수위60분현황.xlsx","20039","multiyear_candidate","mapping_and_unit_required","Address columns require mapping to UNQ_NO; negative values and one 19.63 spike","NTFS hardlink"
"reference\needs_mapping\sewer_level_hourly_gangnam_2023_2025\2025-05-22하수수위60분현황.xlsx","C:\2026_Mareungil\data\서울특별시 강남구_하수관로 수위현황_20250908\2025-05-22하수수위60분현황.xlsx","20076","multiyear_candidate","mapping_and_unit_required","Address columns require mapping to UNQ_NO; negative values and one 19.63 spike","NTFS hardlink"
"reference\needs_mapping\sewer_level_hourly_gangnam_2023_2025\2025-05-23하수수위60분현황.xlsx","C:\2026_Mareungil\data\서울특별시 강남구_하수관로 수위현황_20250908\2025-05-23하수수위60분현황.xlsx","20148","multiyear_candidate","mapping_and_unit_required","Address columns require mapping to UNQ_NO; negative values and one 19.63 spike","NTFS hardlink"
"reference\needs_mapping\sewer_level_hourly_gangnam_2023_2025\2025-05-24하수수위60분현황.xlsx","C:\2026_Mareungil\data\서울특별시 강남구_하수관로 수위현황_20250908\2025-05-24하수수위60분현황.xlsx","20114","multiyear_candidate","mapping_and_unit_required","Address columns require mapping to UNQ_NO; negative values and one 19.63 spike","NTFS hardlink"
"reference\needs_mapping\sewer_level_hourly_gangnam_2023_2025\2025-05-25하수수위60분현황.xlsx","C:\2026_Mareungil\data\서울특별시 강남구_하수관로 수위현황_20250908\2025-05-25하수수위60분현황.xlsx","19968","multiyear_candidate","mapping_and_unit_required","Address columns require mapping to UNQ_NO; negative values and one 19.63 spike","NTFS hardlink"
"reference\needs_mapping\sewer_level_hourly_gangnam_2023_2025\2025-05-26하수수위60분현황.xlsx","C:\2026_Mareungil\data\서울특별시 강남구_하수관로 수위현황_20250908\2025-05-26하수수위60분현황.xlsx","19989","multiyear_candidate","mapping_and_unit_required","Address columns require mapping to UNQ_NO; negative values and one 19.63 spike","NTFS hardlink"
"reference\needs_mapping\sewer_level_hourly_gangnam_2023_2025\2025-05-27하수수위60분현황.xlsx","C:\2026_Mareungil\data\서울특별시 강남구_하수관로 수위현황_20250908\2025-05-27하수수위60분현황.xlsx","20039","multiyear_candidate","mapping_and_unit_required","Address columns require mapping to UNQ_NO; negative values and one 19.63 spike","NTFS hardlink"
"reference\needs_mapping\sewer_level_hourly_gangnam_2023_2025\2025-05-28하수수위60분현황.xlsx","C:\2026_Mareungil\data\서울특별시 강남구_하수관로 수위현황_20250908\2025-05-28하수수위60분현황.xlsx","20031","multiyear_candidate","mapping_and_unit_required","Address columns require mapping to UNQ_NO; negative values and one 19.63 spike","NTFS hardlink"
"reference\needs_mapping\sewer_level_hourly_gangnam_2023_2025\2025-05-29하수수위60분현황.xlsx","C:\2026_Mareungil\data\서울특별시 강남구_하수관로 수위현황_20250908\2025-05-29하수수위60분현황.xlsx","20090","multiyear_candidate","mapping_and_unit_required","Address columns require mapping to UNQ_NO; negative values and one 19.63 spike","NTFS hardlink"
"reference\needs_mapping\sewer_level_hourly_gangnam_2023_2025\2025-05-30하수수위60분현황.xlsx","C:\2026_Mareungil\data\서울특별시 강남구_하수관로 수위현황_20250908\2025-05-30하수수위60분현황.xlsx","20017","multiyear_candidate","mapping_and_unit_required","Address columns require mapping to UNQ_NO; negative values and one 19.63 spike","NTFS hardlink"
"reference\needs_mapping\sewer_level_hourly_gangnam_2023_2025\2025-05-31하수수위60분현황.xlsx","C:\2026_Mareungil\data\서울특별시 강남구_하수관로 수위현황_20250908\2025-05-31하수수위60분현황.xlsx","19960","multiyear_candidate","mapping_and_unit_required","Address columns require mapping to UNQ_NO; negative values and one 19.63 spike","NTFS hardlink"
"reference\needs_mapping\sewer_level_hourly_gangnam_2023_2025\2025-06-01하수수위60분현황.xlsx","C:\2026_Mareungil\data\서울특별시 강남구_하수관로 수위현황_20250908\2025-06-01하수수위60분현황.xlsx","19975","multiyear_candidate","mapping_and_unit_required","Address columns require mapping to UNQ_NO; negative values and one 19.63 spike","NTFS hardlink"
"reference\needs_mapping\sewer_level_hourly_gangnam_2023_2025\2025-06-02하수수위60분현황.xlsx","C:\2026_Mareungil\data\서울특별시 강남구_하수관로 수위현황_20250908\2025-06-02하수수위60분현황.xlsx","20102","multiyear_candidate","mapping_and_unit_required","Address columns require mapping to UNQ_NO; negative values and one 19.63 spike","NTFS hardlink"
"reference\needs_mapping\sewer_level_hourly_gangnam_2023_2025\2025-06-03하수수위60분현황.xlsx","C:\2026_Mareungil\data\서울특별시 강남구_하수관로 수위현황_20250908\2025-06-03하수수위60분현황.xlsx","20004","multiyear_candidate","mapping_and_unit_required","Address columns require mapping to UNQ_NO; negative values and one 19.63 spike","NTFS hardlink"
"reference\needs_mapping\sewer_level_hourly_gangnam_2023_2025\2025-06-04하수수위60분현황.xlsx","C:\2026_Mareungil\data\서울특별시 강남구_하수관로 수위현황_20250908\2025-06-04하수수위60분현황.xlsx","20025","multiyear_candidate","mapping_and_unit_required","Address columns require mapping to UNQ_NO; negative values and one 19.63 spike","NTFS hardlink"
"reference\needs_mapping\sewer_level_hourly_gangnam_2023_2025\2025-06-05하수수위60분현황.xlsx","C:\2026_Mareungil\data\서울특별시 강남구_하수관로 수위현황_20250908\2025-06-05하수수위60분현황.xlsx","19986","multiyear_candidate","mapping_and_unit_required","Address columns require mapping to UNQ_NO; negative values and one 19.63 spike","NTFS hardlink"
"reference\needs_mapping\sewer_level_hourly_gangnam_2023_2025\2025-06-06하수수위60분현황.xlsx","C:\2026_Mareungil\data\서울특별시 강남구_하수관로 수위현황_20250908\2025-06-06하수수위60분현황.xlsx","19923","multiyear_candidate","mapping_and_unit_required","Address columns require mapping to UNQ_NO; negative values and one 19.63 spike","NTFS hardlink"
"reference\needs_mapping\sewer_level_hourly_gangnam_2023_2025\2025-06-07하수수위60분현황.xlsx","C:\2026_Mareungil\data\서울특별시 강남구_하수관로 수위현황_20250908\2025-06-07하수수위60분현황.xlsx","20001","multiyear_candidate","mapping_and_unit_required","Address columns require mapping to UNQ_NO; negative values and one 19.63 spike","NTFS hardlink"
"reference\needs_mapping\sewer_level_hourly_gangnam_2023_2025\2025-06-08하수수위60분현황.xlsx","C:\2026_Mareungil\data\서울특별시 강남구_하수관로 수위현황_20250908\2025-06-08하수수위60분현황.xlsx","19950","multiyear_candidate","mapping_and_unit_required","Address columns require mapping to UNQ_NO; negative values and one 19.63 spike","NTFS hardlink"
"reference\needs_mapping\sewer_level_hourly_gangnam_2023_2025\2025-06-09하수수위60분현황.xlsx","C:\2026_Mareungil\data\서울특별시 강남구_하수관로 수위현황_20250908\2025-06-09하수수위60분현황.xlsx","20043","multiyear_candidate","mapping_and_unit_required","Address columns require mapping to UNQ_NO; negative values and one 19.63 spike","NTFS hardlink"
"reference\needs_mapping\sewer_level_hourly_gangnam_2023_2025\2025-06-10하수수위60분현황.xlsx","C:\2026_Mareungil\data\서울특별시 강남구_하수관로 수위현황_20250908\2025-06-10하수수위60분현황.xlsx","20088","multiyear_candidate","mapping_and_unit_required","Address columns require mapping to UNQ_NO; negative values and one 19.63 spike","NTFS hardlink"
"reference\needs_mapping\sewer_level_hourly_gangnam_2023_2025\2025-06-11하수수위60분현황.xlsx","C:\2026_Mareungil\data\서울특별시 강남구_하수관로 수위현황_20250908\2025-06-11하수수위60분현황.xlsx","20036","multiyear_candidate","mapping_and_unit_required","Address columns require mapping to UNQ_NO; negative values and one 19.63 spike","NTFS hardlink"
"reference\needs_mapping\sewer_level_hourly_gangnam_2023_2025\2025-06-12하수수위60분현황.xlsx","C:\2026_Mareungil\data\서울특별시 강남구_하수관로 수위현황_20250908\2025-06-12하수수위60분현황.xlsx","20011","multiyear_candidate","mapping_and_unit_required","Address columns require mapping to UNQ_NO; negative values and one 19.63 spike","NTFS hardlink"
"reference\needs_mapping\sewer_level_hourly_gangnam_2023_2025\2025-06-13하수수위60분현황.xlsx","C:\2026_Mareungil\data\서울특별시 강남구_하수관로 수위현황_20250908\2025-06-13하수수위60분현황.xlsx","20123","multiyear_candidate","mapping_and_unit_required","Address columns require mapping to UNQ_NO; negative values and one 19.63 spike","NTFS hardlink"
"reference\needs_mapping\sewer_level_hourly_gangnam_2023_2025\2025-06-14하수수위60분현황.xlsx","C:\2026_Mareungil\data\서울특별시 강남구_하수관로 수위현황_20250908\2025-06-14하수수위60분현황.xlsx","19975","multiyear_candidate","mapping_and_unit_required","Address columns require mapping to UNQ_NO; negative values and one 19.63 spike","NTFS hardlink"
"reference\needs_mapping\sewer_level_hourly_gangnam_2023_2025\2025-06-15하수수위60분현황.xlsx","C:\2026_Mareungil\data\서울특별시 강남구_하수관로 수위현황_20250908\2025-06-15하수수위60분현황.xlsx","20164","multiyear_candidate","mapping_and_unit_required","Address columns require mapping to UNQ_NO; negative values and one 19.63 spike","NTFS hardlink"
"reference\needs_mapping\sewer_level_hourly_gangnam_2023_2025\2025-06-16하수수위60분현황.xlsx","C:\2026_Mareungil\data\서울특별시 강남구_하수관로 수위현황_20250908\2025-06-16하수수위60분현황.xlsx","20419","multiyear_candidate","mapping_and_unit_required","Address columns require mapping to UNQ_NO; negative values and one 19.63 spike","NTFS hardlink"
"reference\needs_mapping\sewer_level_hourly_gangnam_2023_2025\2025-06-17하수수위60분현황.xlsx","C:\2026_Mareungil\data\서울특별시 강남구_하수관로 수위현황_20250908\2025-06-17하수수위60분현황.xlsx","20021","multiyear_candidate","mapping_and_unit_required","Address columns require mapping to UNQ_NO; negative values and one 19.63 spike","NTFS hardlink"
"reference\needs_mapping\sewer_level_hourly_gangnam_2023_2025\2025-06-18하수수위60분현황.xlsx","C:\2026_Mareungil\data\서울특별시 강남구_하수관로 수위현황_20250908\2025-06-18하수수위60분현황.xlsx","20013","multiyear_candidate","mapping_and_unit_required","Address columns require mapping to UNQ_NO; negative values and one 19.63 spike","NTFS hardlink"
"reference\needs_mapping\sewer_level_hourly_gangnam_2023_2025\2025-06-19하수수위60분현황.xlsx","C:\2026_Mareungil\data\서울특별시 강남구_하수관로 수위현황_20250908\2025-06-19하수수위60분현황.xlsx","20004","multiyear_candidate","mapping_and_unit_required","Address columns require mapping to UNQ_NO; negative values and one 19.63 spike","NTFS hardlink"
"reference\needs_mapping\sewer_level_hourly_gangnam_2023_2025\2025-06-20하수수위60분현황.xlsx","C:\2026_Mareungil\data\서울특별시 강남구_하수관로 수위현황_20250908\2025-06-20하수수위60분현황.xlsx","20678","multiyear_candidate","mapping_and_unit_required","Address columns require mapping to UNQ_NO; negative values and one 19.63 spike","NTFS hardlink"
"reference\needs_mapping\sewer_level_hourly_gangnam_2023_2025\2025-06-21하수수위60분현황.xlsx","C:\2026_Mareungil\data\서울특별시 강남구_하수관로 수위현황_20250908\2025-06-21하수수위60분현황.xlsx","20002","multiyear_candidate","mapping_and_unit_required","Address columns require mapping to UNQ_NO; negative values and one 19.63 spike","NTFS hardlink"
"reference\needs_mapping\sewer_level_hourly_gangnam_2023_2025\2025-06-22하수수위60분현황.xlsx","C:\2026_Mareungil\data\서울특별시 강남구_하수관로 수위현황_20250908\2025-06-22하수수위60분현황.xlsx","19993","multiyear_candidate","mapping_and_unit_required","Address columns require mapping to UNQ_NO; negative values and one 19.63 spike","NTFS hardlink"
"reference\needs_mapping\sewer_level_hourly_gangnam_2023_2025\2025-06-23하수수위60분현황.xlsx","C:\2026_Mareungil\data\서울특별시 강남구_하수관로 수위현황_20250908\2025-06-23하수수위60분현황.xlsx","20033","multiyear_candidate","mapping_and_unit_required","Address columns require mapping to UNQ_NO; negative values and one 19.63 spike","NTFS hardlink"
"reference\needs_mapping\sewer_level_hourly_gangnam_2023_2025\2025-06-24하수수위60분현황.xlsx","C:\2026_Mareungil\data\서울특별시 강남구_하수관로 수위현황_20250908\2025-06-24하수수위60분현황.xlsx","20124","multiyear_candidate","mapping_and_unit_required","Address columns require mapping to UNQ_NO; negative values and one 19.63 spike","NTFS hardlink"
"reference\needs_mapping\sewer_level_hourly_gangnam_2023_2025\2025-06-25하수수위60분현황.xlsx","C:\2026_Mareungil\data\서울특별시 강남구_하수관로 수위현황_20250908\2025-06-25하수수위60분현황.xlsx","20310","multiyear_candidate","mapping_and_unit_required","Address columns require mapping to UNQ_NO; negative values and one 19.63 spike","NTFS hardlink"
"reference\needs_mapping\sewer_level_hourly_gangnam_2023_2025\2025-06-26하수수위60분현황.xlsx","C:\2026_Mareungil\data\서울특별시 강남구_하수관로 수위현황_20250908\2025-06-26하수수위60분현황.xlsx","20009","multiyear_candidate","mapping_and_unit_required","Address columns require mapping to UNQ_NO; negative values and one 19.63 spike","NTFS hardlink"
"reference\needs_mapping\sewer_level_hourly_gangnam_2023_2025\2025-06-27하수수위60분현황.xlsx","C:\2026_Mareungil\data\서울특별시 강남구_하수관로 수위현황_20250908\2025-06-27하수수위60분현황.xlsx","20027","multiyear_candidate","mapping_and_unit_required","Address columns require mapping to UNQ_NO; negative values and one 19.63 spike","NTFS hardlink"
"reference\needs_mapping\sewer_level_hourly_gangnam_2023_2025\2025-06-28하수수위60분현황.xlsx","C:\2026_Mareungil\data\서울특별시 강남구_하수관로 수위현황_20250908\2025-06-28하수수위60분현황.xlsx","19891","multiyear_candidate","mapping_and_unit_required","Address columns require mapping to UNQ_NO; negative values and one 19.63 spike","NTFS hardlink"
"reference\needs_mapping\sewer_level_hourly_gangnam_2023_2025\2025-06-29하수수위60분현황.xlsx","C:\2026_Mareungil\data\서울특별시 강남구_하수관로 수위현황_20250908\2025-06-29하수수위60분현황.xlsx","19982","multiyear_candidate","mapping_and_unit_required","Address columns require mapping to UNQ_NO; negative values and one 19.63 spike","NTFS hardlink"
"reference\needs_mapping\sewer_level_hourly_gangnam_2023_2025\2025-06-30하수수위60분현황.xlsx","C:\2026_Mareungil\data\서울특별시 강남구_하수관로 수위현황_20250908\2025-06-30하수수위60분현황.xlsx","19993","multiyear_candidate","mapping_and_unit_required","Address columns require mapping to UNQ_NO; negative values and one 19.63 spike","NTFS hardlink"
"reference\needs_mapping\sewer_level_hourly_gangnam_2023_2025\2025-07-01하수수위60분현황.xlsx","C:\2026_Mareungil\data\서울특별시 강남구_하수관로 수위현황_20250908\2025-07-01하수수위60분현황.xlsx","20020","multiyear_candidate","mapping_and_unit_required","Address columns require mapping to UNQ_NO; negative values and one 19.63 spike","NTFS hardlink"
"reference\needs_mapping\sewer_level_hourly_gangnam_2023_2025\2025-07-02하수수위60분현황.xlsx","C:\2026_Mareungil\data\서울특별시 강남구_하수관로 수위현황_20250908\2025-07-02하수수위60분현황.xlsx","20062","multiyear_candidate","mapping_and_unit_required","Address columns require mapping to UNQ_NO; negative values and one 19.63 spike","NTFS hardlink"
"reference\needs_mapping\sewer_level_hourly_gangnam_2023_2025\2025-07-03하수수위60분현황.xlsx","C:\2026_Mareungil\data\서울특별시 강남구_하수관로 수위현황_20250908\2025-07-03하수수위60분현황.xlsx","20056","multiyear_candidate","mapping_and_unit_required","Address columns require mapping to UNQ_NO; negative values and one 19.63 spike","NTFS hardlink"
"reference\needs_mapping\sewer_level_hourly_gangnam_2023_2025\2025-07-04하수수위60분현황.xlsx","C:\2026_Mareungil\data\서울특별시 강남구_하수관로 수위현황_20250908\2025-07-04하수수위60분현황.xlsx","20068","multiyear_candidate","mapping_and_unit_required","Address columns require mapping to UNQ_NO; negative values and one 19.63 spike","NTFS hardlink"
"reference\needs_mapping\sewer_level_hourly_gangnam_2023_2025\2025-07-05하수수위60분현황.xlsx","C:\2026_Mareungil\data\서울특별시 강남구_하수관로 수위현황_20250908\2025-07-05하수수위60분현황.xlsx","20001","multiyear_candidate","mapping_and_unit_required","Address columns require mapping to UNQ_NO; negative values and one 19.63 spike","NTFS hardlink"
"reference\needs_mapping\sewer_level_hourly_gangnam_2023_2025\2025-07-06하수수위60분현황.xlsx","C:\2026_Mareungil\data\서울특별시 강남구_하수관로 수위현황_20250908\2025-07-06하수수위60분현황.xlsx","19971","multiyear_candidate","mapping_and_unit_required","Address columns require mapping to UNQ_NO; negative values and one 19.63 spike","NTFS hardlink"
"reference\needs_mapping\sewer_level_hourly_gangnam_2023_2025\2025-07-07하수수위60분현황.xlsx","C:\2026_Mareungil\data\서울특별시 강남구_하수관로 수위현황_20250908\2025-07-07하수수위60분현황.xlsx","20039","multiyear_candidate","mapping_and_unit_required","Address columns require mapping to UNQ_NO; negative values and one 19.63 spike","NTFS hardlink"
"reference\needs_mapping\sewer_level_hourly_gangnam_2023_2025\2025-07-08하수수위60분현황.xlsx","C:\2026_Mareungil\data\서울특별시 강남구_하수관로 수위현황_20250908\2025-07-08하수수위60분현황.xlsx","20161","multiyear_candidate","mapping_and_unit_required","Address columns require mapping to UNQ_NO; negative values and one 19.63 spike","NTFS hardlink"
"reference\needs_mapping\sewer_level_hourly_gangnam_2023_2025\2025-07-09하수수위60분현황.xlsx","C:\2026_Mareungil\data\서울특별시 강남구_하수관로 수위현황_20250908\2025-07-09하수수위60분현황.xlsx","20055","multiyear_candidate","mapping_and_unit_required","Address columns require mapping to UNQ_NO; negative values and one 19.63 spike","NTFS hardlink"
"reference\needs_mapping\sewer_level_hourly_gangnam_2023_2025\2025-07-10하수수위60분현황.xlsx","C:\2026_Mareungil\data\서울특별시 강남구_하수관로 수위현황_20250908\2025-07-10하수수위60분현황.xlsx","20027","multiyear_candidate","mapping_and_unit_required","Address columns require mapping to UNQ_NO; negative values and one 19.63 spike","NTFS hardlink"
"reference\needs_mapping\sewer_level_hourly_gangnam_2023_2025\2025-07-11하수수위60분현황.xlsx","C:\2026_Mareungil\data\서울특별시 강남구_하수관로 수위현황_20250908\2025-07-11하수수위60분현황.xlsx","20035","multiyear_candidate","mapping_and_unit_required","Address columns require mapping to UNQ_NO; negative values and one 19.63 spike","NTFS hardlink"
"reference\needs_mapping\sewer_level_hourly_gangnam_2023_2025\2025-07-12하수수위60분현황.xlsx","C:\2026_Mareungil\data\서울특별시 강남구_하수관로 수위현황_20250908\2025-07-12하수수위60분현황.xlsx","20002","multiyear_candidate","mapping_and_unit_required","Address columns require mapping to UNQ_NO; negative values and one 19.63 spike","NTFS hardlink"
"reference\needs_mapping\sewer_level_hourly_gangnam_2023_2025\2025-07-13하수수위60분현황.xlsx","C:\2026_Mareungil\data\서울특별시 강남구_하수관로 수위현황_20250908\2025-07-13하수수위60분현황.xlsx","19969","multiyear_candidate","mapping_and_unit_required","Address columns require mapping to UNQ_NO; negative values and one 19.63 spike","NTFS hardlink"
"reference\needs_mapping\sewer_level_hourly_gangnam_2023_2025\2025-07-14하수수위60분현황.xlsx","C:\2026_Mareungil\data\서울특별시 강남구_하수관로 수위현황_20250908\2025-07-14하수수위60분현황.xlsx","20364","multiyear_candidate","mapping_and_unit_required","Address columns require mapping to UNQ_NO; negative values and one 19.63 spike","NTFS hardlink"
"reference\needs_mapping\sewer_level_hourly_gangnam_2023_2025\2025-07-15하수수위60분현황.xlsx","C:\2026_Mareungil\data\서울특별시 강남구_하수관로 수위현황_20250908\2025-07-15하수수위60분현황.xlsx","20173","multiyear_candidate","mapping_and_unit_required","Address columns require mapping to UNQ_NO; negative values and one 19.63 spike","NTFS hardlink"
"reference\needs_mapping\sewer_level_hourly_gangnam_2023_2025\2025-07-16하수수위60분현황.xlsx","C:\2026_Mareungil\data\서울특별시 강남구_하수관로 수위현황_20250908\2025-07-16하수수위60분현황.xlsx","20541","multiyear_candidate","mapping_and_unit_required","Address columns require mapping to UNQ_NO; negative values and one 19.63 spike","NTFS hardlink"
"reference\needs_mapping\sewer_level_hourly_gangnam_2023_2025\2025-07-17하수수위60분현황.xlsx","C:\2026_Mareungil\data\서울특별시 강남구_하수관로 수위현황_20250908\2025-07-17하수수위60분현황.xlsx","20913","multiyear_candidate","mapping_and_unit_required","Address columns require mapping to UNQ_NO; negative values and one 19.63 spike","NTFS hardlink"
"reference\needs_mapping\sewer_level_hourly_gangnam_2023_2025\2025-07-18하수수위60분현황.xlsx","C:\2026_Mareungil\data\서울특별시 강남구_하수관로 수위현황_20250908\2025-07-18하수수위60분현황.xlsx","20246","multiyear_candidate","mapping_and_unit_required","Address columns require mapping to UNQ_NO; negative values and one 19.63 spike","NTFS hardlink"
"reference\needs_mapping\sewer_level_hourly_gangnam_2023_2025\2025-07-19하수수위60분현황.xlsx","C:\2026_Mareungil\data\서울특별시 강남구_하수관로 수위현황_20250908\2025-07-19하수수위60분현황.xlsx","20569","multiyear_candidate","mapping_and_unit_required","Address columns require mapping to UNQ_NO; negative values and one 19.63 spike","NTFS hardlink"
"reference\needs_mapping\sewer_level_hourly_gangnam_2023_2025\2025-07-20하수수위60분현황.xlsx","C:\2026_Mareungil\data\서울특별시 강남구_하수관로 수위현황_20250908\2025-07-20하수수위60분현황.xlsx","20249","multiyear_candidate","mapping_and_unit_required","Address columns require mapping to UNQ_NO; negative values and one 19.63 spike","NTFS hardlink"
"reference\needs_mapping\sewer_level_hourly_gangnam_2023_2025\2025-07-21하수수위60분현황.xlsx","C:\2026_Mareungil\data\서울특별시 강남구_하수관로 수위현황_20250908\2025-07-21하수수위60분현황.xlsx","20050","multiyear_candidate","mapping_and_unit_required","Address columns require mapping to UNQ_NO; negative values and one 19.63 spike","NTFS hardlink"
"reference\needs_mapping\sewer_level_hourly_gangnam_2023_2025\2025-07-22하수수위60분현황.xlsx","C:\2026_Mareungil\data\서울특별시 강남구_하수관로 수위현황_20250908\2025-07-22하수수위60분현황.xlsx","20007","multiyear_candidate","mapping_and_unit_required","Address columns require mapping to UNQ_NO; negative values and one 19.63 spike","NTFS hardlink"
"reference\needs_mapping\sewer_level_hourly_gangnam_2023_2025\2025-07-23하수수위60분현황.xlsx","C:\2026_Mareungil\data\서울특별시 강남구_하수관로 수위현황_20250908\2025-07-23하수수위60분현황.xlsx","20066","multiyear_candidate","mapping_and_unit_required","Address columns require mapping to UNQ_NO; negative values and one 19.63 spike","NTFS hardlink"
"reference\needs_mapping\sewer_level_hourly_gangnam_2023_2025\2025-07-24하수수위60분현황.xlsx","C:\2026_Mareungil\data\서울특별시 강남구_하수관로 수위현황_20250908\2025-07-24하수수위60분현황.xlsx","20081","multiyear_candidate","mapping_and_unit_required","Address columns require mapping to UNQ_NO; negative values and one 19.63 spike","NTFS hardlink"
"reference\needs_mapping\sewer_level_hourly_gangnam_2023_2025\2025-07-25하수수위60분현황.xlsx","C:\2026_Mareungil\data\서울특별시 강남구_하수관로 수위현황_20250908\2025-07-25하수수위60분현황.xlsx","20069","multiyear_candidate","mapping_and_unit_required","Address columns require mapping to UNQ_NO; negative values and one 19.63 spike","NTFS hardlink"
"reference\needs_mapping\sewer_level_hourly_gangnam_2023_2025\2025-07-26하수수위60분현황.xlsx","C:\2026_Mareungil\data\서울특별시 강남구_하수관로 수위현황_20250908\2025-07-26하수수위60분현황.xlsx","20000","multiyear_candidate","mapping_and_unit_required","Address columns require mapping to UNQ_NO; negative values and one 19.63 spike","NTFS hardlink"
"reference\needs_mapping\sewer_level_hourly_gangnam_2023_2025\2025-07-27하수수위60분현황.xlsx","C:\2026_Mareungil\data\서울특별시 강남구_하수관로 수위현황_20250908\2025-07-27하수수위60분현황.xlsx","19980","multiyear_candidate","mapping_and_unit_required","Address columns require mapping to UNQ_NO; negative values and one 19.63 spike","NTFS hardlink"
"reference\needs_mapping\sewer_level_hourly_gangnam_2023_2025\2025-07-28하수수위60분현황.xlsx","C:\2026_Mareungil\data\서울특별시 강남구_하수관로 수위현황_20250908\2025-07-28하수수위60분현황.xlsx","20008","multiyear_candidate","mapping_and_unit_required","Address columns require mapping to UNQ_NO; negative values and one 19.63 spike","NTFS hardlink"
"reference\needs_mapping\sewer_level_hourly_gangnam_2023_2025\2025-07-29하수수위60분현황.xlsx","C:\2026_Mareungil\data\서울특별시 강남구_하수관로 수위현황_20250908\2025-07-29하수수위60분현황.xlsx","20046","multiyear_candidate","mapping_and_unit_required","Address columns require mapping to UNQ_NO; negative values and one 19.63 spike","NTFS hardlink"
"reference\needs_mapping\sewer_level_hourly_gangnam_2023_2025\2025-07-30하수수위60분현황.xlsx","C:\2026_Mareungil\data\서울특별시 강남구_하수관로 수위현황_20250908\2025-07-30하수수위60분현황.xlsx","20034","multiyear_candidate","mapping_and_unit_required","Address columns require mapping to UNQ_NO; negative values and one 19.63 spike","NTFS hardlink"
"reference\needs_mapping\sewer_level_hourly_gangnam_2023_2025\2025-07-31하수수위60분현황.xlsx","C:\2026_Mareungil\data\서울특별시 강남구_하수관로 수위현황_20250908\2025-07-31하수수위60분현황.xlsx","20013","multiyear_candidate","mapping_and_unit_required","Address columns require mapping to UNQ_NO; negative values and one 19.63 spike","NTFS hardlink"
"reference\needs_mapping\sewer_level_hourly_gangnam_2023_2025\2025-08-01하수수위60분현황.xlsx","C:\2026_Mareungil\data\서울특별시 강남구_하수관로 수위현황_20250908\2025-08-01하수수위60분현황.xlsx","20051","multiyear_candidate","mapping_and_unit_required","Address columns require mapping to UNQ_NO; negative values and one 19.63 spike","NTFS hardlink"
"reference\needs_mapping\sewer_level_hourly_gangnam_2023_2025\2025-08-02하수수위60분현황.xlsx","C:\2026_Mareungil\data\서울특별시 강남구_하수관로 수위현황_20250908\2025-08-02하수수위60분현황.xlsx","20059","multiyear_candidate","mapping_and_unit_required","Address columns require mapping to UNQ_NO; negative values and one 19.63 spike","NTFS hardlink"
"reference\needs_mapping\sewer_level_hourly_gangnam_2023_2025\2025-08-03하수수위60분현황.xlsx","C:\2026_Mareungil\data\서울특별시 강남구_하수관로 수위현황_20250908\2025-08-03하수수위60분현황.xlsx","20002","multiyear_candidate","mapping_and_unit_required","Address columns require mapping to UNQ_NO; negative values and one 19.63 spike","NTFS hardlink"
"reference\needs_mapping\sewer_level_hourly_gangnam_2023_2025\2025-08-04하수수위60분현황.xlsx","C:\2026_Mareungil\data\서울특별시 강남구_하수관로 수위현황_20250908\2025-08-04하수수위60분현황.xlsx","20134","multiyear_candidate","mapping_and_unit_required","Address columns require mapping to UNQ_NO; negative values and one 19.63 spike","NTFS hardlink"
"reference\needs_mapping\sewer_level_hourly_gangnam_2023_2025\2025-08-05하수수위60분현황.xlsx","C:\2026_Mareungil\data\서울특별시 강남구_하수관로 수위현황_20250908\2025-08-05하수수위60분현황.xlsx","20027","multiyear_candidate","mapping_and_unit_required","Address columns require mapping to UNQ_NO; negative values and one 19.63 spike","NTFS hardlink"
"reference\needs_mapping\sewer_level_hourly_gangnam_2023_2025\2025-08-06하수수위60분현황.xlsx","C:\2026_Mareungil\data\서울특별시 강남구_하수관로 수위현황_20250908\2025-08-06하수수위60분현황.xlsx","20291","multiyear_candidate","mapping_and_unit_required","Address columns require mapping to UNQ_NO; negative values and one 19.63 spike","NTFS hardlink"
"reference\needs_mapping\sewer_level_hourly_gangnam_2023_2025\2025-08-07하수수위60분현황.xlsx","C:\2026_Mareungil\data\서울특별시 강남구_하수관로 수위현황_20250908\2025-08-07하수수위60분현황.xlsx","20028","multiyear_candidate","mapping_and_unit_required","Address columns require mapping to UNQ_NO; negative values and one 19.63 spike","NTFS hardlink"
"reference\needs_mapping\sewer_level_hourly_gangnam_2023_2025\2025-08-08하수수위60분현황.xlsx","C:\2026_Mareungil\data\서울특별시 강남구_하수관로 수위현황_20250908\2025-08-08하수수위60분현황.xlsx","20069","multiyear_candidate","mapping_and_unit_required","Address columns require mapping to UNQ_NO; negative values and one 19.63 spike","NTFS hardlink"
"reference\needs_mapping\sewer_level_hourly_gangnam_2023_2025\2025-08-09하수수위60분현황.xlsx","C:\2026_Mareungil\data\서울특별시 강남구_하수관로 수위현황_20250908\2025-08-09하수수위60분현황.xlsx","19975","multiyear_candidate","mapping_and_unit_required","Address columns require mapping to UNQ_NO; negative values and one 19.63 spike","NTFS hardlink"
"reference\needs_mapping\sewer_level_hourly_gangnam_2023_2025\2025-08-10하수수위60분현황.xlsx","C:\2026_Mareungil\data\서울특별시 강남구_하수관로 수위현황_20250908\2025-08-10하수수위60분현황.xlsx","19941","multiyear_candidate","mapping_and_unit_required","Address columns require mapping to UNQ_NO; negative values and one 19.63 spike","NTFS hardlink"
"reference\needs_mapping\sewer_level_hourly_gangnam_2023_2025\2025-08-11하수수위60분현황.xlsx","C:\2026_Mareungil\data\서울특별시 강남구_하수관로 수위현황_20250908\2025-08-11하수수위60분현황.xlsx","20042","multiyear_candidate","mapping_and_unit_required","Address columns require mapping to UNQ_NO; negative values and one 19.63 spike","NTFS hardlink"
"reference\needs_mapping\sewer_level_hourly_gangnam_2023_2025\2025-08-12하수수위60분현황.xlsx","C:\2026_Mareungil\data\서울특별시 강남구_하수관로 수위현황_20250908\2025-08-12하수수위60분현황.xlsx","20019","multiyear_candidate","mapping_and_unit_required","Address columns require mapping to UNQ_NO; negative values and one 19.63 spike","NTFS hardlink"
"reference\needs_mapping\sewer_level_hourly_gangnam_2023_2025\2025-08-13하수수위60분현황.xlsx","C:\2026_Mareungil\data\서울특별시 강남구_하수관로 수위현황_20250908\2025-08-13하수수위60분현황.xlsx","20759","multiyear_candidate","mapping_and_unit_required","Address columns require mapping to UNQ_NO; negative values and one 19.63 spike","NTFS hardlink"
"reference\needs_mapping\sewer_level_hourly_gangnam_2023_2025\2025-08-14하수수위60분현황.xlsx","C:\2026_Mareungil\data\서울특별시 강남구_하수관로 수위현황_20250908\2025-08-14하수수위60분현황.xlsx","20596","multiyear_candidate","mapping_and_unit_required","Address columns require mapping to UNQ_NO; negative values and one 19.63 spike","NTFS hardlink"
"reference\needs_mapping\sewer_level_hourly_gangnam_2023_2025\2025-08-15하수수위60분현황.xlsx","C:\2026_Mareungil\data\서울특별시 강남구_하수관로 수위현황_20250908\2025-08-15하수수위60분현황.xlsx","20013","multiyear_candidate","mapping_and_unit_required","Address columns require mapping to UNQ_NO; negative values and one 19.63 spike","NTFS hardlink"
"reference\needs_mapping\sewer_level_hourly_gangnam_2023_2025\2025-08-16하수수위60분현황.xlsx","C:\2026_Mareungil\data\서울특별시 강남구_하수관로 수위현황_20250908\2025-08-16하수수위60분현황.xlsx","20043","multiyear_candidate","mapping_and_unit_required","Address columns require mapping to UNQ_NO; negative values and one 19.63 spike","NTFS hardlink"
"reference\needs_mapping\sewer_level_hourly_gangnam_2023_2025\2025-08-17하수수위60분현황.xlsx","C:\2026_Mareungil\data\서울특별시 강남구_하수관로 수위현황_20250908\2025-08-17하수수위60분현황.xlsx","19991","multiyear_candidate","mapping_and_unit_required","Address columns require mapping to UNQ_NO; negative values and one 19.63 spike","NTFS hardlink"
"reference\needs_mapping\sewer_level_hourly_gangnam_2023_2025\2025-08-18하수수위60분현황.xlsx","C:\2026_Mareungil\data\서울특별시 강남구_하수관로 수위현황_20250908\2025-08-18하수수위60분현황.xlsx","20085","multiyear_candidate","mapping_and_unit_required","Address columns require mapping to UNQ_NO; negative values and one 19.63 spike","NTFS hardlink"
"reference\needs_mapping\sewer_level_hourly_gangnam_2023_2025\2025-08-19하수수위60분현황.xlsx","C:\2026_Mareungil\data\서울특별시 강남구_하수관로 수위현황_20250908\2025-08-19하수수위60분현황.xlsx","20113","multiyear_candidate","mapping_and_unit_required","Address columns require mapping to UNQ_NO; negative values and one 19.63 spike","NTFS hardlink"
"reference\needs_mapping\sewer_level_hourly_gangnam_2023_2025\2025-08-20하수수위60분현황.xlsx","C:\2026_Mareungil\data\서울특별시 강남구_하수관로 수위현황_20250908\2025-08-20하수수위60분현황.xlsx","20044","multiyear_candidate","mapping_and_unit_required","Address columns require mapping to UNQ_NO; negative values and one 19.63 spike","NTFS hardlink"
"reference\needs_mapping\sewer_level_hourly_gangnam_2023_2025\2025-08-21하수수위60분현황.xlsx","C:\2026_Mareungil\data\서울특별시 강남구_하수관로 수위현황_20250908\2025-08-21하수수위60분현황.xlsx","20048","multiyear_candidate","mapping_and_unit_required","Address columns require mapping to UNQ_NO; negative values and one 19.63 spike","NTFS hardlink"
"reference\needs_mapping\sewer_level_hourly_gangnam_2023_2025\2025-08-22하수수위60분현황.xlsx","C:\2026_Mareungil\data\서울특별시 강남구_하수관로 수위현황_20250908\2025-08-22하수수위60분현황.xlsx","20021","multiyear_candidate","mapping_and_unit_required","Address columns require mapping to UNQ_NO; negative values and one 19.63 spike","NTFS hardlink"
"reference\needs_mapping\sewer_level_hourly_gangnam_2023_2025\2025-08-23하수수위60분현황.xlsx","C:\2026_Mareungil\data\서울특별시 강남구_하수관로 수위현황_20250908\2025-08-23하수수위60분현황.xlsx","19983","multiyear_candidate","mapping_and_unit_required","Address columns require mapping to UNQ_NO; negative values and one 19.63 spike","NTFS hardlink"
"reference\needs_mapping\sewer_level_hourly_gangnam_2023_2025\2025-08-24하수수위60분현황.xlsx","C:\2026_Mareungil\data\서울특별시 강남구_하수관로 수위현황_20250908\2025-08-24하수수위60분현황.xlsx","19976","multiyear_candidate","mapping_and_unit_required","Address columns require mapping to UNQ_NO; negative values and one 19.63 spike","NTFS hardlink"
"reference\needs_mapping\sewer_level_hourly_gangnam_2023_2025\2025-08-25하수수위60분현황.xlsx","C:\2026_Mareungil\data\서울특별시 강남구_하수관로 수위현황_20250908\2025-08-25하수수위60분현황.xlsx","20116","multiyear_candidate","mapping_and_unit_required","Address columns require mapping to UNQ_NO; negative values and one 19.63 spike","NTFS hardlink"
"reference\needs_mapping\sewer_level_hourly_gangnam_2023_2025\2025-08-26하수수위60분현황.xlsx","C:\2026_Mareungil\data\서울특별시 강남구_하수관로 수위현황_20250908\2025-08-26하수수위60분현황.xlsx","20334","multiyear_candidate","mapping_and_unit_required","Address columns require mapping to UNQ_NO; negative values and one 19.63 spike","NTFS hardlink"
"reference\needs_mapping\sewer_level_hourly_gangnam_2023_2025\2025-08-27하수수위60분현황.xlsx","C:\2026_Mareungil\data\서울특별시 강남구_하수관로 수위현황_20250908\2025-08-27하수수위60분현황.xlsx","20036","multiyear_candidate","mapping_and_unit_required","Address columns require mapping to UNQ_NO; negative values and one 19.63 spike","NTFS hardlink"
"reference\needs_mapping\sewer_level_hourly_gangnam_2023_2025\2025-08-28하수수위60분현황.xlsx","C:\2026_Mareungil\data\서울특별시 강남구_하수관로 수위현황_20250908\2025-08-28하수수위60분현황.xlsx","20013","multiyear_candidate","mapping_and_unit_required","Address columns require mapping to UNQ_NO; negative values and one 19.63 spike","NTFS hardlink"
"reference\needs_mapping\sewer_level_hourly_gangnam_2023_2025\2025-08-29하수수위60분현황.xlsx","C:\2026_Mareungil\data\서울특별시 강남구_하수관로 수위현황_20250908\2025-08-29하수수위60분현황.xlsx","20153","multiyear_candidate","mapping_and_unit_required","Address columns require mapping to UNQ_NO; negative values and one 19.63 spike","NTFS hardlink"
"reference\needs_mapping\sewer_level_hourly_gangnam_2023_2025\2025-08-30하수수위60분현황.xlsx","C:\2026_Mareungil\data\서울특별시 강남구_하수관로 수위현황_20250908\2025-08-30하수수위60분현황.xlsx","20585","multiyear_candidate","mapping_and_unit_required","Address columns require mapping to UNQ_NO; negative values and one 19.63 spike","NTFS hardlink"
"reference\needs_mapping\sewer_level_hourly_gangnam_2023_2025\2025-08-31하수수위60분현황.xlsx","C:\2026_Mareungil\data\서울특별시 강남구_하수관로 수위현황_20250908\2025-08-31하수수위60분현황.xlsx","20098","multiyear_candidate","mapping_and_unit_required","Address columns require mapping to UNQ_NO; negative values and one 19.63 spike","NTFS hardlink"
"reference\needs_validation\rainfall_2023_2025\rain_gangnam_seocho_10min_2023_2025.csv","C:\2026_Mareungil\data\rain_gangnam_10min_2023_2025.csv","29648697","multiyear_candidate","validate_before_training","Temporal gaps and suspicious 2025-04-13 00:09 values","NTFS hardlink"
"reference\needs_validation\rainfall_2023_2025\rain_gangnam_seocho_60min_2023_2025.csv","C:\2026_Mareungil\data\rain_gangnam_60min_2023_2025.csv","4661112","derived_reference","reference_only","Derived from 10-minute data; do not use as independent input","NTFS hardlink"
"reference\spatial\flood_footprints\2023\2023 침수흔적도 최신수정.cpg","C:\2026_Mareungil\data\2023년 침수흔적도_260105 수정\2023 침수흔적도 최신수정.cpg","3","routing_and_validation","reference_only","Not a 2022 model label","NTFS hardlink"
"reference\spatial\flood_footprints\2023\2023 침수흔적도 최신수정.dbf","C:\2026_Mareungil\data\2023년 침수흔적도_260105 수정\2023 침수흔적도 최신수정.dbf","797262","routing_and_validation","reference_only","Not a 2022 model label","NTFS hardlink"
"reference\spatial\flood_footprints\2023\2023 침수흔적도 최신수정.prj","C:\2026_Mareungil\data\2023년 침수흔적도_260105 수정\2023 침수흔적도 최신수정.prj","438","routing_and_validation","reference_only","Not a 2022 model label","NTFS hardlink"
"reference\spatial\flood_footprints\2023\2023 침수흔적도 최신수정.qmd","C:\2026_Mareungil\data\2023년 침수흔적도_260105 수정\2023 침수흔적도 최신수정.qmd","681","routing_and_validation","reference_only","Not a 2022 model label","NTFS hardlink"
"reference\spatial\flood_footprints\2023\2023 침수흔적도 최신수정.shp","C:\2026_Mareungil\data\2023년 침수흔적도_260105 수정\2023 침수흔적도 최신수정.shp","56644","routing_and_validation","reference_only","Not a 2022 model label","NTFS hardlink"
"reference\spatial\flood_footprints\2023\2023 침수흔적도 최신수정.shx","C:\2026_Mareungil\data\2023년 침수흔적도_260105 수정\2023 침수흔적도 최신수정.shx","2324","routing_and_validation","reference_only","Not a 2022 model label","NTFS hardlink"
"reference\spatial\flood_footprints\2024\2024 최종.cpg","C:\2026_Mareungil\data\2024년 침수흔적도_260105 수정\2024 최종.cpg","3","routing_and_validation","reference_only","Not a 2022 model label","NTFS hardlink"
"reference\spatial\flood_footprints\2024\2024 최종.dbf","C:\2026_Mareungil\data\2024년 침수흔적도_260105 수정\2024 최종.dbf","81043","routing_and_validation","reference_only","Not a 2022 model label","NTFS hardlink"
"reference\spatial\flood_footprints\2024\2024 최종.prj","C:\2026_Mareungil\data\2024년 침수흔적도_260105 수정\2024 최종.prj","438","routing_and_validation","reference_only","Not a 2022 model label","NTFS hardlink"
"reference\spatial\flood_footprints\2024\2024 최종.qmd","C:\2026_Mareungil\data\2024년 침수흔적도_260105 수정\2024 최종.qmd","681","routing_and_validation","reference_only","Not a 2022 model label","NTFS hardlink"
"reference\spatial\flood_footprints\2024\2024 최종.shp","C:\2026_Mareungil\data\2024년 침수흔적도_260105 수정\2024 최종.shp","25504","routing_and_validation","reference_only","Not a 2022 model label","NTFS hardlink"
"reference\spatial\flood_footprints\2024\2024 최종.shx","C:\2026_Mareungil\data\2024년 침수흔적도_260105 수정\2024 최종.shx","1068","routing_and_validation","reference_only","Not a 2022 model label","NTFS hardlink"
"reference\spatial\flood_footprints\2025\침수흔적도 최종2.cpg","C:\2026_Mareungil\data\2025년 서울시 침수흔적도\침수흔적도 최종2.cpg","3","routing_and_validation","reference_only","Schema differs from 2023 and 2024","NTFS hardlink"
"reference\spatial\flood_footprints\2025\침수흔적도 최종2.dbf","C:\2026_Mareungil\data\2025년 서울시 침수흔적도\침수흔적도 최종2.dbf","354702","routing_and_validation","reference_only","Schema differs from 2023 and 2024","NTFS hardlink"
"reference\spatial\flood_footprints\2025\침수흔적도 최종2.prj","C:\2026_Mareungil\data\2025년 서울시 침수흔적도\침수흔적도 최종2.prj","438","routing_and_validation","reference_only","Schema differs from 2023 and 2024","NTFS hardlink"
"reference\spatial\flood_footprints\2025\침수흔적도 최종2.qmd","C:\2026_Mareungil\data\2025년 서울시 침수흔적도\침수흔적도 최종2.qmd","681","routing_and_validation","reference_only","Schema differs from 2023 and 2024","NTFS hardlink"
"reference\spatial\flood_footprints\2025\침수흔적도 최종2.shp","C:\2026_Mareungil\data\2025년 서울시 침수흔적도\침수흔적도 최종2.shp","209976","routing_and_validation","reference_only","Schema differs from 2023 and 2024","NTFS hardlink"
"reference\spatial\flood_footprints\2025\침수흔적도 최종2.shx","C:\2026_Mareungil\data\2025년 서울시 침수흔적도\침수흔적도 최종2.shx","9156","routing_and_validation","reference_only","Schema differs from 2023 and 2024","NTFS hardlink"
